ISO-10303-21;
HEADER;
FILE_DESCRIPTION(('STEP AP242'),'1');
FILE_NAME('5040500391.stp','2024-12-19T19:19:38',('TraceParts'),('TraceParts S.A.'),'Spatial InterOp 3D',' ',' ');
FILE_SCHEMA(('AP242_MANAGED_MODEL_BASED_3D_ENGINEERING_MIM_LF  {1 0 10303 442 1 1 4}'));
ENDSEC;
DATA;
#1=MECHANICAL_DESIGN_GEOMETRIC_PRESENTATION_REPRESENTATION(' ',(#10),#6);
#2=PRODUCT_DEFINITION_CONTEXT('',#11,'design');
#3=APPLICATION_PROTOCOL_DEFINITION('INTERNATIONAL STANDARD','ap242_managed_model_based_3d_engineering',2014,#11);
#4=PRODUCT_CATEGORY_RELATIONSHIP('NONE','NONE',#12,#13);
#5=SHAPE_DEFINITION_REPRESENTATION(#14,#15);
#6= (GEOMETRIC_REPRESENTATION_CONTEXT(3)GLOBAL_UNCERTAINTY_ASSIGNED_CONTEXT((#18))GLOBAL_UNIT_ASSIGNED_CONTEXT((#20,#21,#22))REPRESENTATION_CONTEXT('NONE','WORKSPACE'));
#10=STYLED_ITEM('',(#24),#25);
#11=APPLICATION_CONTEXT('managed model based 3d engineering');
#12=PRODUCT_CATEGORY('part','NONE');
#13=PRODUCT_RELATED_PRODUCT_CATEGORY('detail',' ',(#26));
#14=PRODUCT_DEFINITION_SHAPE('NONE','NONE',#27);
#15=ADVANCED_BREP_SHAPE_REPRESENTATION('5040500391',(#25,#28),#6);
#18=UNCERTAINTY_MEASURE_WITH_UNIT(LENGTH_MEASURE(1.0E-06),#20,'','');
#20= (CONVERSION_BASED_UNIT('MILLIMETRE',#31)LENGTH_UNIT()NAMED_UNIT(#34));
#21= (NAMED_UNIT(#36)PLANE_ANGLE_UNIT()SI_UNIT($,.RADIAN.));
#22= (NAMED_UNIT(#36)SOLID_ANGLE_UNIT()SI_UNIT($,.STERADIAN.));
#24=PRESENTATION_STYLE_ASSIGNMENT((#42));
#25=MANIFOLD_SOLID_BREP('5040500391',#43);
#26=PRODUCT('5040500391','','PART--DESC',(#44));
#27=PRODUCT_DEFINITION('','NONE',#45,#2);
#28=AXIS2_PLACEMENT_3D('',#46,#47,#48);
#31=LENGTH_MEASURE_WITH_UNIT(LENGTH_MEASURE(1.0),#49);
#34=DIMENSIONAL_EXPONENTS(1.0,0.0,0.0,0.0,0.0,0.0,0.0);
#36=DIMENSIONAL_EXPONENTS(0.0,0.0,0.0,0.0,0.0,0.0,0.0);
#42=SURFACE_STYLE_USAGE(.BOTH.,#50);
#43=CLOSED_SHELL('',(#51,#52,#53,#54,#55,#56,#57,#58,#59,#60,#61,#62,#63,#64,#65,#66,#67,#68,#69,#70,#71,#72,#73,#74,#75,#76,#77,#78,#79,#80,#81,#82,#83,#84,#85,#86,#87,#88,#89,#90,#91,#92,#93,#94,#95,#96,#97,#98,#99,#100,#101,#102,#103,#104,#105,#106,#107,#108,#109,#110,#111,#112,#113,#114,#115,#116,#117,#118,#119,#120,#121,#122,#123,#124,#125,#126,#127,#128,#129,#130,#131,#132,#133,#134,#135,#136,#137,#138,#139,#140,#141,#142,#143,#144,#145,#146,#147,#148,#149,#150,#151,#152,#153,#154,#155,#156,#157,#158,#159,#160,#161,#162,#163,#164,#165,#166,#167,#168,#169,#170,#171,#172,#173,#174,#175,#176,#177,#178,#179,#180,#181,#182,#183,#184,#185,#186,#187,#188,#189,#190,#191,#192,#193,#194,#195,#196));
#44=PRODUCT_CONTEXT('',#11,'mechanical');
#45=PRODUCT_DEFINITION_FORMATION_WITH_SPECIFIED_SOURCE(' ','NONE',#26,.NOT_KNOWN.);
#46=CARTESIAN_POINT('',(0.0,0.0,0.0));
#47=DIRECTION('',(0.0,0.0,1.0));
#48=DIRECTION('',(1.0,0.0,0.0));
#49= (NAMED_UNIT(#34)LENGTH_UNIT()SI_UNIT(.MILLI.,.METRE.));
#50=SURFACE_SIDE_STYLE('',(#198));
#51=ADVANCED_FACE('',(#199),#200,.T.);
#52=ADVANCED_FACE('',(#201),#202,.T.);
#53=ADVANCED_FACE('',(#203),#204,.T.);
#54=ADVANCED_FACE('',(#205),#206,.T.);
#55=ADVANCED_FACE('',(#207,#208),#209,.T.);
#56=ADVANCED_FACE('',(#210),#211,.T.);
#57=ADVANCED_FACE('',(#212),#213,.T.);
#58=ADVANCED_FACE('',(#214),#215,.F.);
#59=ADVANCED_FACE('',(#216),#217,.T.);
#60=ADVANCED_FACE('',(#218),#219,.T.);
#61=ADVANCED_FACE('',(#220),#221,.T.);
#62=ADVANCED_FACE('',(#222),#223,.T.);
#63=ADVANCED_FACE('',(#224),#225,.F.);
#64=ADVANCED_FACE('',(#226),#227,.F.);
#65=ADVANCED_FACE('',(#228),#229,.F.);
#66=ADVANCED_FACE('',(#230),#231,.F.);
#67=ADVANCED_FACE('',(#232),#233,.F.);
#68=ADVANCED_FACE('',(#234),#235,.F.);
#69=ADVANCED_FACE('',(#236),#237,.F.);
#70=ADVANCED_FACE('',(#238),#239,.F.);
#71=ADVANCED_FACE('',(#240),#241,.F.);
#72=ADVANCED_FACE('',(#242),#243,.T.);
#73=ADVANCED_FACE('',(#244),#245,.T.);
#74=ADVANCED_FACE('',(#246),#247,.T.);
#75=ADVANCED_FACE('',(#248),#249,.T.);
#76=ADVANCED_FACE('',(#250),#251,.T.);
#77=ADVANCED_FACE('',(#252,#253,#254),#255,.T.);
#78=ADVANCED_FACE('',(#256),#257,.F.);
#79=ADVANCED_FACE('',(#258),#259,.T.);
#80=ADVANCED_FACE('',(#260),#261,.F.);
#81=ADVANCED_FACE('',(#262),#263,.F.);
#82=ADVANCED_FACE('',(#264),#265,.F.);
#83=ADVANCED_FACE('',(#266),#267,.F.);
#84=ADVANCED_FACE('',(#268),#269,.F.);
#85=ADVANCED_FACE('',(#270),#271,.F.);
#86=ADVANCED_FACE('',(#272),#273,.F.);
#87=ADVANCED_FACE('',(#274),#275,.F.);
#88=ADVANCED_FACE('',(#276),#277,.F.);
#89=ADVANCED_FACE('',(#278),#279,.F.);
#90=ADVANCED_FACE('',(#280),#281,.F.);
#91=ADVANCED_FACE('',(#282),#283,.T.);
#92=ADVANCED_FACE('',(#284),#285,.F.);
#93=ADVANCED_FACE('',(#286),#287,.F.);
#94=ADVANCED_FACE('',(#288),#289,.T.);
#95=ADVANCED_FACE('',(#290),#291,.F.);
#96=ADVANCED_FACE('',(#292),#293,.F.);
#97=ADVANCED_FACE('',(#294,#295),#296,.T.);
#98=ADVANCED_FACE('',(#297),#298,.F.);
#99=ADVANCED_FACE('',(#299),#300,.F.);
#100=ADVANCED_FACE('',(#301,#302),#303,.T.);
#101=ADVANCED_FACE('',(#304),#305,.T.);
#102=ADVANCED_FACE('',(#306),#307,.F.);
#103=ADVANCED_FACE('',(#308),#309,.F.);
#104=ADVANCED_FACE('',(#310),#311,.F.);
#105=ADVANCED_FACE('',(#312),#313,.F.);
#106=ADVANCED_FACE('',(#314),#315,.T.);
#107=ADVANCED_FACE('',(#316),#317,.F.);
#108=ADVANCED_FACE('',(#318),#319,.F.);
#109=ADVANCED_FACE('',(#320),#321,.F.);
#110=ADVANCED_FACE('',(#322),#323,.F.);
#111=ADVANCED_FACE('',(#324),#325,.F.);
#112=ADVANCED_FACE('',(#326),#327,.F.);
#113=ADVANCED_FACE('',(#328),#329,.T.);
#114=ADVANCED_FACE('',(#330),#331,.F.);
#115=ADVANCED_FACE('',(#332),#333,.F.);
#116=ADVANCED_FACE('',(#334),#335,.F.);
#117=ADVANCED_FACE('',(#336),#337,.F.);
#118=ADVANCED_FACE('',(#338),#339,.F.);
#119=ADVANCED_FACE('',(#340),#341,.F.);
#120=ADVANCED_FACE('',(#342),#343,.F.);
#121=ADVANCED_FACE('',(#344),#345,.F.);
#122=ADVANCED_FACE('',(#346),#347,.F.);
#123=ADVANCED_FACE('',(#348),#349,.T.);
#124=ADVANCED_FACE('',(#350),#351,.F.);
#125=ADVANCED_FACE('',(#352),#353,.F.);
#126=ADVANCED_FACE('',(#354),#355,.F.);
#127=ADVANCED_FACE('',(#356),#357,.F.);
#128=ADVANCED_FACE('',(#358),#359,.F.);
#129=ADVANCED_FACE('',(#360),#361,.F.);
#130=ADVANCED_FACE('',(#362),#363,.T.);
#131=ADVANCED_FACE('',(#364),#365,.F.);
#132=ADVANCED_FACE('',(#366),#367,.F.);
#133=ADVANCED_FACE('',(#368),#369,.F.);
#134=ADVANCED_FACE('',(#370),#371,.F.);
#135=ADVANCED_FACE('',(#372),#373,.F.);
#136=ADVANCED_FACE('',(#374),#375,.F.);
#137=ADVANCED_FACE('',(#376),#377,.F.);
#138=ADVANCED_FACE('',(#378),#379,.F.);
#139=ADVANCED_FACE('',(#380),#381,.F.);
#140=ADVANCED_FACE('',(#382),#383,.T.);
#141=ADVANCED_FACE('',(#384),#385,.F.);
#142=ADVANCED_FACE('',(#386),#387,.F.);
#143=ADVANCED_FACE('',(#388),#389,.F.);
#144=ADVANCED_FACE('',(#390),#391,.F.);
#145=ADVANCED_FACE('',(#392),#393,.F.);
#146=ADVANCED_FACE('',(#394),#395,.F.);
#147=ADVANCED_FACE('',(#396),#397,.T.);
#148=ADVANCED_FACE('',(#398),#399,.F.);
#149=ADVANCED_FACE('',(#400),#401,.F.);
#150=ADVANCED_FACE('',(#402),#403,.F.);
#151=ADVANCED_FACE('',(#404),#405,.F.);
#152=ADVANCED_FACE('',(#406),#407,.F.);
#153=ADVANCED_FACE('',(#408),#409,.F.);
#154=ADVANCED_FACE('',(#410),#411,.F.);
#155=ADVANCED_FACE('',(#412),#413,.F.);
#156=ADVANCED_FACE('',(#414),#415,.F.);
#157=ADVANCED_FACE('',(#416),#417,.F.);
#158=ADVANCED_FACE('',(#418),#419,.T.);
#159=ADVANCED_FACE('',(#420),#421,.F.);
#160=ADVANCED_FACE('',(#422),#423,.F.);
#161=ADVANCED_FACE('',(#424),#425,.T.);
#162=ADVANCED_FACE('',(#426),#427,.T.);
#163=ADVANCED_FACE('',(#428),#429,.T.);
#164=ADVANCED_FACE('',(#430),#431,.T.);
#165=ADVANCED_FACE('',(#432),#433,.F.);
#166=ADVANCED_FACE('',(#434),#435,.F.);
#167=ADVANCED_FACE('',(#436),#437,.F.);
#168=ADVANCED_FACE('',(#438),#439,.F.);
#169=ADVANCED_FACE('',(#440),#441,.F.);
#170=ADVANCED_FACE('',(#442),#443,.F.);
#171=ADVANCED_FACE('',(#444),#445,.F.);
#172=ADVANCED_FACE('',(#446),#447,.F.);
#173=ADVANCED_FACE('',(#448),#449,.T.);
#174=ADVANCED_FACE('',(#450),#451,.T.);
#175=ADVANCED_FACE('',(#452),#453,.T.);
#176=ADVANCED_FACE('',(#454),#455,.T.);
#177=ADVANCED_FACE('',(#456),#457,.T.);
#178=ADVANCED_FACE('',(#458),#459,.T.);
#179=ADVANCED_FACE('',(#460),#461,.F.);
#180=ADVANCED_FACE('',(#462),#463,.T.);
#181=ADVANCED_FACE('',(#464),#465,.F.);
#182=ADVANCED_FACE('',(#466),#467,.F.);
#183=ADVANCED_FACE('',(#468),#469,.F.);
#184=ADVANCED_FACE('',(#470),#471,.T.);
#185=ADVANCED_FACE('',(#472),#473,.T.);
#186=ADVANCED_FACE('',(#474),#475,.T.);
#187=ADVANCED_FACE('',(#476),#477,.T.);
#188=ADVANCED_FACE('',(#478),#479,.F.);
#189=ADVANCED_FACE('',(#480),#481,.F.);
#190=ADVANCED_FACE('',(#482),#483,.T.);
#191=ADVANCED_FACE('',(#484),#485,.F.);
#192=ADVANCED_FACE('',(#486),#487,.T.);
#193=ADVANCED_FACE('',(#488),#489,.F.);
#194=ADVANCED_FACE('',(#490),#491,.F.);
#195=ADVANCED_FACE('',(#492),#493,.F.);
#196=ADVANCED_FACE('',(#494),#495,.F.);
#198=SURFACE_STYLE_FILL_AREA(#496);
#199=FACE_OUTER_BOUND('',#497,.T.);
#200=PLANE('',#498);
#201=FACE_OUTER_BOUND('',#499,.T.);
#202=PLANE('',#500);
#203=FACE_OUTER_BOUND('',#501,.T.);
#204=PLANE('',#502);
#205=FACE_OUTER_BOUND('',#503,.T.);
#206=PLANE('',#504);
#207=FACE_OUTER_BOUND('',#505,.T.);
#208=FACE_BOUND('',#506,.T.);
#209=PLANE('',#507);
#210=FACE_OUTER_BOUND('',#508,.T.);
#211=PLANE('',#509);
#212=FACE_OUTER_BOUND('',#510,.T.);
#213=PLANE('',#511);
#214=FACE_OUTER_BOUND('',#512,.T.);
#215=PLANE('',#513);
#216=FACE_OUTER_BOUND('',#514,.T.);
#217=PLANE('',#515);
#218=FACE_OUTER_BOUND('',#516,.T.);
#219=PLANE('',#517);
#220=FACE_OUTER_BOUND('',#518,.T.);
#221=PLANE('',#519);
#222=FACE_OUTER_BOUND('',#520,.T.);
#223=PLANE('',#521);
#224=FACE_OUTER_BOUND('',#522,.T.);
#225=PLANE('',#523);
#226=FACE_OUTER_BOUND('',#524,.T.);
#227=PLANE('',#525);
#228=FACE_OUTER_BOUND('',#526,.T.);
#229=PLANE('',#527);
#230=FACE_OUTER_BOUND('',#528,.T.);
#231=PLANE('',#529);
#232=FACE_OUTER_BOUND('',#530,.T.);
#233=PLANE('',#531);
#234=FACE_OUTER_BOUND('',#532,.T.);
#235=PLANE('',#533);
#236=FACE_OUTER_BOUND('',#534,.T.);
#237=PLANE('',#535);
#238=FACE_OUTER_BOUND('',#536,.T.);
#239=PLANE('',#537);
#240=FACE_OUTER_BOUND('',#538,.T.);
#241=PLANE('',#539);
#242=FACE_OUTER_BOUND('',#540,.T.);
#243=PLANE('',#541);
#244=FACE_OUTER_BOUND('',#542,.T.);
#245=PLANE('',#543);
#246=FACE_OUTER_BOUND('',#544,.T.);
#247=PLANE('',#545);
#248=FACE_OUTER_BOUND('',#546,.T.);
#249=PLANE('',#547);
#250=FACE_OUTER_BOUND('',#548,.T.);
#251=PLANE('',#549);
#252=FACE_BOUND('',#550,.T.);
#253=FACE_BOUND('',#551,.T.);
#254=FACE_OUTER_BOUND('',#552,.T.);
#255=PLANE('',#553);
#256=FACE_OUTER_BOUND('',#554,.T.);
#257=PLANE('',#555);
#258=FACE_OUTER_BOUND('',#556,.T.);
#259=PLANE('',#557);
#260=FACE_OUTER_BOUND('',#558,.T.);
#261=PLANE('',#559);
#262=FACE_OUTER_BOUND('',#560,.T.);
#263=PLANE('',#561);
#264=FACE_OUTER_BOUND('',#562,.T.);
#265=PLANE('',#563);
#266=FACE_OUTER_BOUND('',#564,.T.);
#267=PLANE('',#565);
#268=FACE_OUTER_BOUND('',#566,.T.);
#269=PLANE('',#567);
#270=FACE_OUTER_BOUND('',#568,.T.);
#271=PLANE('',#569);
#272=FACE_OUTER_BOUND('',#570,.T.);
#273=PLANE('',#571);
#274=FACE_OUTER_BOUND('',#572,.T.);
#275=PLANE('',#573);
#276=FACE_OUTER_BOUND('',#574,.T.);
#277=PLANE('',#575);
#278=FACE_OUTER_BOUND('',#576,.T.);
#279=PLANE('',#577);
#280=FACE_OUTER_BOUND('',#578,.T.);
#281=PLANE('',#579);
#282=FACE_OUTER_BOUND('',#580,.T.);
#283=PLANE('',#581);
#284=FACE_OUTER_BOUND('',#582,.T.);
#285=PLANE('',#583);
#286=FACE_OUTER_BOUND('',#584,.T.);
#287=PLANE('',#585);
#288=FACE_OUTER_BOUND('',#586,.T.);
#289=PLANE('',#587);
#290=FACE_OUTER_BOUND('',#588,.T.);
#291=PLANE('',#589);
#292=FACE_OUTER_BOUND('',#590,.T.);
#293=PLANE('',#591);
#294=FACE_BOUND('',#592,.T.);
#295=FACE_OUTER_BOUND('',#593,.T.);
#296=PLANE('',#594);
#297=FACE_OUTER_BOUND('',#595,.T.);
#298=PLANE('',#596);
#299=FACE_OUTER_BOUND('',#597,.T.);
#300=PLANE('',#598);
#301=FACE_BOUND('',#599,.T.);
#302=FACE_OUTER_BOUND('',#600,.T.);
#303=PLANE('',#601);
#304=FACE_OUTER_BOUND('',#602,.T.);
#305=PLANE('',#603);
#306=FACE_OUTER_BOUND('',#604,.T.);
#307=PLANE('',#605);
#308=FACE_OUTER_BOUND('',#606,.T.);
#309=PLANE('',#607);
#310=FACE_OUTER_BOUND('',#608,.T.);
#311=PLANE('',#609);
#312=FACE_OUTER_BOUND('',#610,.T.);
#313=PLANE('',#611);
#314=FACE_OUTER_BOUND('',#612,.T.);
#315=PLANE('',#613);
#316=FACE_OUTER_BOUND('',#614,.T.);
#317=PLANE('',#615);
#318=FACE_OUTER_BOUND('',#616,.T.);
#319=PLANE('',#617);
#320=FACE_OUTER_BOUND('',#618,.T.);
#321=PLANE('',#619);
#322=FACE_OUTER_BOUND('',#620,.T.);
#323=PLANE('',#621);
#324=FACE_OUTER_BOUND('',#622,.T.);
#325=CYLINDRICAL_SURFACE('',#623,0.1);
#326=FACE_OUTER_BOUND('',#624,.T.);
#327=PLANE('',#625);
#328=FACE_OUTER_BOUND('',#626,.T.);
#329=PLANE('',#627);
#330=FACE_OUTER_BOUND('',#628,.T.);
#331=PLANE('',#629);
#332=FACE_OUTER_BOUND('',#630,.T.);
#333=PLANE('',#631);
#334=FACE_OUTER_BOUND('',#632,.T.);
#335=PLANE('',#633);
#336=FACE_OUTER_BOUND('',#634,.T.);
#337=PLANE('',#635);
#338=FACE_OUTER_BOUND('',#636,.T.);
#339=PLANE('',#637);
#340=FACE_OUTER_BOUND('',#638,.T.);
#341=PLANE('',#639);
#342=FACE_OUTER_BOUND('',#640,.T.);
#343=PLANE('',#641);
#344=FACE_OUTER_BOUND('',#642,.T.);
#345=PLANE('',#643);
#346=FACE_OUTER_BOUND('',#644,.T.);
#347=PLANE('',#645);
#348=FACE_OUTER_BOUND('',#646,.T.);
#349=PLANE('',#647);
#350=FACE_OUTER_BOUND('',#648,.T.);
#351=PLANE('',#649);
#352=FACE_OUTER_BOUND('',#650,.T.);
#353=PLANE('',#651);
#354=FACE_OUTER_BOUND('',#652,.T.);
#355=PLANE('',#653);
#356=FACE_OUTER_BOUND('',#654,.T.);
#357=PLANE('',#655);
#358=FACE_OUTER_BOUND('',#656,.T.);
#359=CYLINDRICAL_SURFACE('',#657,0.1);
#360=FACE_OUTER_BOUND('',#658,.T.);
#361=PLANE('',#659);
#362=FACE_OUTER_BOUND('',#660,.T.);
#363=PLANE('',#661);
#364=FACE_OUTER_BOUND('',#662,.T.);
#365=PLANE('',#663);
#366=FACE_OUTER_BOUND('',#664,.T.);
#367=PLANE('',#665);
#368=FACE_OUTER_BOUND('',#666,.T.);
#369=PLANE('',#667);
#370=FACE_OUTER_BOUND('',#668,.T.);
#371=PLANE('',#669);
#372=FACE_OUTER_BOUND('',#670,.T.);
#373=PLANE('',#671);
#374=FACE_OUTER_BOUND('',#672,.T.);
#375=PLANE('',#673);
#376=FACE_OUTER_BOUND('',#674,.T.);
#377=PLANE('',#675);
#378=FACE_OUTER_BOUND('',#676,.T.);
#379=PLANE('',#677);
#380=FACE_OUTER_BOUND('',#678,.T.);
#381=PLANE('',#679);
#382=FACE_OUTER_BOUND('',#680,.T.);
#383=PLANE('',#681);
#384=FACE_OUTER_BOUND('',#682,.T.);
#385=PLANE('',#683);
#386=FACE_OUTER_BOUND('',#684,.T.);
#387=PLANE('',#685);
#388=FACE_OUTER_BOUND('',#686,.T.);
#389=PLANE('',#687);
#390=FACE_OUTER_BOUND('',#688,.T.);
#391=PLANE('',#689);
#392=FACE_OUTER_BOUND('',#690,.T.);
#393=CYLINDRICAL_SURFACE('',#691,0.1);
#394=FACE_OUTER_BOUND('',#692,.T.);
#395=PLANE('',#693);
#396=FACE_OUTER_BOUND('',#694,.T.);
#397=PLANE('',#695);
#398=FACE_OUTER_BOUND('',#696,.T.);
#399=PLANE('',#697);
#400=FACE_OUTER_BOUND('',#698,.T.);
#401=PLANE('',#699);
#402=FACE_OUTER_BOUND('',#700,.T.);
#403=PLANE('',#701);
#404=FACE_OUTER_BOUND('',#702,.T.);
#405=PLANE('',#703);
#406=FACE_OUTER_BOUND('',#704,.T.);
#407=PLANE('',#705);
#408=FACE_OUTER_BOUND('',#706,.T.);
#409=PLANE('',#707);
#410=FACE_OUTER_BOUND('',#708,.T.);
#411=PLANE('',#709);
#412=FACE_OUTER_BOUND('',#710,.T.);
#413=PLANE('',#711);
#414=FACE_OUTER_BOUND('',#712,.T.);
#415=PLANE('',#713);
#416=FACE_OUTER_BOUND('',#714,.T.);
#417=PLANE('',#715);
#418=FACE_OUTER_BOUND('',#716,.T.);
#419=CYLINDRICAL_SURFACE('',#717,0.25);
#420=FACE_OUTER_BOUND('',#718,.T.);
#421=CYLINDRICAL_SURFACE('',#719,0.1);
#422=FACE_OUTER_BOUND('',#720,.T.);
#423=PLANE('',#721);
#424=FACE_OUTER_BOUND('',#722,.T.);
#425=PLANE('',#723);
#426=FACE_OUTER_BOUND('',#724,.T.);
#427=PLANE('',#725);
#428=FACE_OUTER_BOUND('',#726,.T.);
#429=PLANE('',#727);
#430=FACE_OUTER_BOUND('',#728,.T.);
#431=CYLINDRICAL_SURFACE('',#729,0.2);
#432=FACE_OUTER_BOUND('',#730,.T.);
#433=PLANE('',#731);
#434=FACE_OUTER_BOUND('',#732,.T.);
#435=PLANE('',#733);
#436=FACE_OUTER_BOUND('',#734,.T.);
#437=PLANE('',#735);
#438=FACE_OUTER_BOUND('',#736,.T.);
#439=CYLINDRICAL_SURFACE('',#737,0.0499999999999998);
#440=FACE_OUTER_BOUND('',#738,.T.);
#441=CYLINDRICAL_SURFACE('',#739,0.0499999999999998);
#442=FACE_OUTER_BOUND('',#740,.T.);
#443=PLANE('',#741);
#444=FACE_OUTER_BOUND('',#742,.T.);
#445=CYLINDRICAL_SURFACE('',#743,0.1);
#446=FACE_OUTER_BOUND('',#744,.T.);
#447=PLANE('',#745);
#448=FACE_OUTER_BOUND('',#746,.T.);
#449=PLANE('',#747);
#450=FACE_OUTER_BOUND('',#748,.T.);
#451=PLANE('',#749);
#452=FACE_OUTER_BOUND('',#750,.T.);
#453=PLANE('',#751);
#454=FACE_OUTER_BOUND('',#752,.T.);
#455=PLANE('',#753);
#456=FACE_OUTER_BOUND('',#754,.T.);
#457=PLANE('',#755);
#458=FACE_OUTER_BOUND('',#756,.T.);
#459=CYLINDRICAL_SURFACE('',#757,0.25);
#460=FACE_OUTER_BOUND('',#758,.T.);
#461=CYLINDRICAL_SURFACE('',#759,0.1);
#462=FACE_OUTER_BOUND('',#760,.T.);
#463=PLANE('',#761);
#464=FACE_OUTER_BOUND('',#762,.T.);
#465=PLANE('',#763);
#466=FACE_OUTER_BOUND('',#764,.T.);
#467=PLANE('',#765);
#468=FACE_OUTER_BOUND('',#766,.T.);
#469=PLANE('',#767);
#470=FACE_OUTER_BOUND('',#768,.T.);
#471=CYLINDRICAL_SURFACE('',#769,0.2);
#472=FACE_OUTER_BOUND('',#770,.T.);
#473=PLANE('',#771);
#474=FACE_OUTER_BOUND('',#772,.T.);
#475=PLANE('',#773);
#476=FACE_OUTER_BOUND('',#774,.T.);
#477=PLANE('',#775);
#478=FACE_OUTER_BOUND('',#776,.T.);
#479=CYLINDRICAL_SURFACE('',#777,0.0499999999999998);
#480=FACE_OUTER_BOUND('',#778,.T.);
#481=CYLINDRICAL_SURFACE('',#779,0.0499999999999998);
#482=FACE_OUTER_BOUND('',#780,.T.);
#483=PLANE('',#781);
#484=FACE_OUTER_BOUND('',#782,.T.);
#485=CYLINDRICAL_SURFACE('',#783,0.1);
#486=FACE_OUTER_BOUND('',#784,.T.);
#487=PLANE('',#785);
#488=FACE_OUTER_BOUND('',#786,.T.);
#489=PLANE('',#787);
#490=FACE_OUTER_BOUND('',#788,.T.);
#491=PLANE('',#789);
#492=FACE_OUTER_BOUND('',#790,.T.);
#493=PLANE('',#791);
#494=FACE_OUTER_BOUND('',#792,.T.);
#495=PLANE('',#793);
#496=FILL_AREA_STYLE('',(#794));
#497=EDGE_LOOP('',(#795,#796,#797,#798));
#498=AXIS2_PLACEMENT_3D('',#799,#800,#801);
#499=EDGE_LOOP('',(#802,#803,#804,#805,#806,#807,#808,#809,#810,#811,#812,#813,#814,#815,#816,#817,#818,#819,#820,#821,#822,#823,#824,#825,#826,#827,#828,#829,#830,#831,#832,#833,#834,#835,#836,#837,#838,#839,#840,#841));
#500=AXIS2_PLACEMENT_3D('',#842,#843,#844);
#501=EDGE_LOOP('',(#845,#846,#847,#848,#849,#850,#851,#852,#853,#854));
#502=AXIS2_PLACEMENT_3D('',#855,#856,#857);
#503=EDGE_LOOP('',(#858,#859,#860,#861,#862,#863,#864,#865,#866,#867));
#504=AXIS2_PLACEMENT_3D('',#868,#869,#870);
#505=EDGE_LOOP('',(#871,#872,#873,#874,#875));
#506=EDGE_LOOP('',(#876,#877,#878,#879));
#507=AXIS2_PLACEMENT_3D('',#880,#881,#882);
#508=EDGE_LOOP('',(#883,#884,#885,#886));
#509=AXIS2_PLACEMENT_3D('',#887,#888,#889);
#510=EDGE_LOOP('',(#890,#891,#892,#893,#894,#895,#896,#897,#898,#899,#900,#901,#902,#903,#904,#905,#906,#907,#908,#909,#910,#911,#912,#913));
#511=AXIS2_PLACEMENT_3D('',#914,#915,#916);
#512=EDGE_LOOP('',(#917,#918,#919,#920,#921,#922,#923,#924,#925,#926,#927,#928,#929,#930,#931,#932));
#513=AXIS2_PLACEMENT_3D('',#933,#934,#935);
#514=EDGE_LOOP('',(#936,#937,#938,#939));
#515=AXIS2_PLACEMENT_3D('',#940,#941,#942);
#516=EDGE_LOOP('',(#943,#944,#945,#946));
#517=AXIS2_PLACEMENT_3D('',#947,#948,#949);
#518=EDGE_LOOP('',(#950,#951,#952,#953));
#519=AXIS2_PLACEMENT_3D('',#954,#955,#956);
#520=EDGE_LOOP('',(#957,#958,#959,#960,#961,#962,#963,#964,#965,#966));
#521=AXIS2_PLACEMENT_3D('',#967,#968,#969);
#522=EDGE_LOOP('',(#970,#971,#972,#973));
#523=AXIS2_PLACEMENT_3D('',#974,#975,#976);
#524=EDGE_LOOP('',(#977,#978,#979,#980));
#525=AXIS2_PLACEMENT_3D('',#981,#982,#983);
#526=EDGE_LOOP('',(#984,#985,#986,#987));
#527=AXIS2_PLACEMENT_3D('',#988,#989,#990);
#528=EDGE_LOOP('',(#991,#992,#993,#994));
#529=AXIS2_PLACEMENT_3D('',#995,#996,#997);
#530=EDGE_LOOP('',(#998,#999,#1000,#1001));
#531=AXIS2_PLACEMENT_3D('',#1002,#1003,#1004);
#532=EDGE_LOOP('',(#1005,#1006,#1007,#1008));
#533=AXIS2_PLACEMENT_3D('',#1009,#1010,#1011);
#534=EDGE_LOOP('',(#1012,#1013,#1014,#1015));
#535=AXIS2_PLACEMENT_3D('',#1016,#1017,#1018);
#536=EDGE_LOOP('',(#1019,#1020,#1021,#1022));
#537=AXIS2_PLACEMENT_3D('',#1023,#1024,#1025);
#538=EDGE_LOOP('',(#1026,#1027,#1028,#1029));
#539=AXIS2_PLACEMENT_3D('',#1030,#1031,#1032);
#540=EDGE_LOOP('',(#1033,#1034,#1035,#1036,#1037,#1038,#1039,#1040));
#541=AXIS2_PLACEMENT_3D('',#1041,#1042,#1043);
#542=EDGE_LOOP('',(#1044,#1045,#1046,#1047,#1048,#1049,#1050,#1051));
#543=AXIS2_PLACEMENT_3D('',#1052,#1053,#1054);
#544=EDGE_LOOP('',(#1055,#1056,#1057,#1058,#1059,#1060));
#545=AXIS2_PLACEMENT_3D('',#1061,#1062,#1063);
#546=EDGE_LOOP('',(#1064,#1065,#1066,#1067,#1068,#1069,#1070,#1071,#1072,#1073));
#547=AXIS2_PLACEMENT_3D('',#1074,#1075,#1076);
#548=EDGE_LOOP('',(#1077,#1078,#1079,#1080,#1081,#1082));
#549=AXIS2_PLACEMENT_3D('',#1083,#1084,#1085);
#550=EDGE_LOOP('',(#1086,#1087,#1088));
#551=EDGE_LOOP('',(#1089,#1090,#1091,#1092));
#552=EDGE_LOOP('',(#1093,#1094,#1095,#1096,#1097,#1098,#1099,#1100,#1101,#1102,#1103,#1104));
#553=AXIS2_PLACEMENT_3D('',#1105,#1106,#1107);
#554=EDGE_LOOP('',(#1108,#1109,#1110,#1111));
#555=AXIS2_PLACEMENT_3D('',#1112,#1113,#1114);
#556=EDGE_LOOP('',(#1115,#1116,#1117,#1118));
#557=AXIS2_PLACEMENT_3D('',#1119,#1120,#1121);
#558=EDGE_LOOP('',(#1122,#1123,#1124,#1125,#1126,#1127,#1128,#1129));
#559=AXIS2_PLACEMENT_3D('',#1130,#1131,#1132);
#560=EDGE_LOOP('',(#1133,#1134,#1135,#1136));
#561=AXIS2_PLACEMENT_3D('',#1137,#1138,#1139);
#562=EDGE_LOOP('',(#1140,#1141,#1142,#1143,#1144,#1145,#1146,#1147));
#563=AXIS2_PLACEMENT_3D('',#1148,#1149,#1150);
#564=EDGE_LOOP('',(#1151,#1152,#1153,#1154));
#565=AXIS2_PLACEMENT_3D('',#1155,#1156,#1157);
#566=EDGE_LOOP('',(#1158,#1159,#1160,#1161,#1162));
#567=AXIS2_PLACEMENT_3D('',#1163,#1164,#1165);
#568=EDGE_LOOP('',(#1166,#1167,#1168,#1169,#1170,#1171));
#569=AXIS2_PLACEMENT_3D('',#1172,#1173,#1174);
#570=EDGE_LOOP('',(#1175,#1176,#1177,#1178));
#571=AXIS2_PLACEMENT_3D('',#1179,#1180,#1181);
#572=EDGE_LOOP('',(#1182,#1183,#1184,#1185,#1186,#1187));
#573=AXIS2_PLACEMENT_3D('',#1188,#1189,#1190);
#574=EDGE_LOOP('',(#1191,#1192,#1193,#1194,#1195));
#575=AXIS2_PLACEMENT_3D('',#1196,#1197,#1198);
#576=EDGE_LOOP('',(#1199,#1200,#1201,#1202));
#577=AXIS2_PLACEMENT_3D('',#1203,#1204,#1205);
#578=EDGE_LOOP('',(#1206,#1207,#1208,#1209));
#579=AXIS2_PLACEMENT_3D('',#1210,#1211,#1212);
#580=EDGE_LOOP('',(#1213,#1214,#1215,#1216));
#581=AXIS2_PLACEMENT_3D('',#1217,#1218,#1219);
#582=EDGE_LOOP('',(#1220,#1221,#1222,#1223));
#583=AXIS2_PLACEMENT_3D('',#1224,#1225,#1226);
#584=EDGE_LOOP('',(#1227,#1228,#1229,#1230));
#585=AXIS2_PLACEMENT_3D('',#1231,#1232,#1233);
#586=EDGE_LOOP('',(#1234,#1235,#1236,#1237));
#587=AXIS2_PLACEMENT_3D('',#1238,#1239,#1240);
#588=EDGE_LOOP('',(#1241,#1242,#1243,#1244));
#589=AXIS2_PLACEMENT_3D('',#1245,#1246,#1247);
#590=EDGE_LOOP('',(#1248,#1249,#1250,#1251));
#591=AXIS2_PLACEMENT_3D('',#1252,#1253,#1254);
#592=EDGE_LOOP('',(#1255,#1256,#1257,#1258));
#593=EDGE_LOOP('',(#1259,#1260,#1261,#1262,#1263));
#594=AXIS2_PLACEMENT_3D('',#1264,#1265,#1266);
#595=EDGE_LOOP('',(#1267,#1268,#1269,#1270));
#596=AXIS2_PLACEMENT_3D('',#1271,#1272,#1273);
#597=EDGE_LOOP('',(#1274,#1275,#1276,#1277));
#598=AXIS2_PLACEMENT_3D('',#1278,#1279,#1280);
#599=EDGE_LOOP('',(#1281,#1282,#1283,#1284));
#600=EDGE_LOOP('',(#1285,#1286,#1287,#1288,#1289,#1290,#1291,#1292));
#601=AXIS2_PLACEMENT_3D('',#1293,#1294,#1295);
#602=EDGE_LOOP('',(#1296,#1297,#1298,#1299,#1300,#1301,#1302,#1303,#1304,#1305,#1306,#1307,#1308,#1309,#1310,#1311));
#603=AXIS2_PLACEMENT_3D('',#1312,#1313,#1314);
#604=EDGE_LOOP('',(#1315,#1316,#1317,#1318,#1319));
#605=AXIS2_PLACEMENT_3D('',#1320,#1321,#1322);
#606=EDGE_LOOP('',(#1323,#1324,#1325,#1326));
#607=AXIS2_PLACEMENT_3D('',#1327,#1328,#1329);
#608=EDGE_LOOP('',(#1330,#1331,#1332,#1333,#1334));
#609=AXIS2_PLACEMENT_3D('',#1335,#1336,#1337);
#610=EDGE_LOOP('',(#1338,#1339,#1340,#1341));
#611=AXIS2_PLACEMENT_3D('',#1342,#1343,#1344);
#612=EDGE_LOOP('',(#1345,#1346,#1347,#1348));
#613=AXIS2_PLACEMENT_3D('',#1349,#1350,#1351);
#614=EDGE_LOOP('',(#1352,#1353,#1354,#1355));
#615=AXIS2_PLACEMENT_3D('',#1356,#1357,#1358);
#616=EDGE_LOOP('',(#1359,#1360,#1361,#1362));
#617=AXIS2_PLACEMENT_3D('',#1363,#1364,#1365);
#618=EDGE_LOOP('',(#1366,#1367,#1368,#1369));
#619=AXIS2_PLACEMENT_3D('',#1370,#1371,#1372);
#620=EDGE_LOOP('',(#1373,#1374,#1375,#1376,#1377,#1378));
#621=AXIS2_PLACEMENT_3D('',#1379,#1380,#1381);
#622=EDGE_LOOP('',(#1382,#1383,#1384,#1385));
#623=AXIS2_PLACEMENT_3D('',#1386,#1387,#1388);
#624=EDGE_LOOP('',(#1389,#1390,#1391,#1392,#1393,#1394,#1395,#1396));
#625=AXIS2_PLACEMENT_3D('',#1397,#1398,#1399);
#626=EDGE_LOOP('',(#1400,#1401,#1402,#1403,#1404,#1405,#1406,#1407));
#627=AXIS2_PLACEMENT_3D('',#1408,#1409,#1410);
#628=EDGE_LOOP('',(#1411,#1412,#1413,#1414));
#629=AXIS2_PLACEMENT_3D('',#1415,#1416,#1417);
#630=EDGE_LOOP('',(#1418,#1419,#1420,#1421));
#631=AXIS2_PLACEMENT_3D('',#1422,#1423,#1424);
#632=EDGE_LOOP('',(#1425,#1426,#1427,#1428));
#633=AXIS2_PLACEMENT_3D('',#1429,#1430,#1431);
#634=EDGE_LOOP('',(#1432,#1433,#1434,#1435));
#635=AXIS2_PLACEMENT_3D('',#1436,#1437,#1438);
#636=EDGE_LOOP('',(#1439,#1440,#1441,#1442));
#637=AXIS2_PLACEMENT_3D('',#1443,#1444,#1445);
#638=EDGE_LOOP('',(#1446,#1447,#1448,#1449,#1450));
#639=AXIS2_PLACEMENT_3D('',#1451,#1452,#1453);
#640=EDGE_LOOP('',(#1454,#1455,#1456,#1457));
#641=AXIS2_PLACEMENT_3D('',#1458,#1459,#1460);
#642=EDGE_LOOP('',(#1461,#1462,#1463,#1464,#1465));
#643=AXIS2_PLACEMENT_3D('',#1466,#1467,#1468);
#644=EDGE_LOOP('',(#1469,#1470,#1471,#1472));
#645=AXIS2_PLACEMENT_3D('',#1473,#1474,#1475);
#646=EDGE_LOOP('',(#1476,#1477,#1478,#1479));
#647=AXIS2_PLACEMENT_3D('',#1480,#1481,#1482);
#648=EDGE_LOOP('',(#1483,#1484,#1485,#1486));
#649=AXIS2_PLACEMENT_3D('',#1487,#1488,#1489);
#650=EDGE_LOOP('',(#1490,#1491,#1492,#1493));
#651=AXIS2_PLACEMENT_3D('',#1494,#1495,#1496);
#652=EDGE_LOOP('',(#1497,#1498,#1499,#1500));
#653=AXIS2_PLACEMENT_3D('',#1501,#1502,#1503);
#654=EDGE_LOOP('',(#1504,#1505,#1506,#1507,#1508,#1509));
#655=AXIS2_PLACEMENT_3D('',#1510,#1511,#1512);
#656=EDGE_LOOP('',(#1513,#1514,#1515,#1516));
#657=AXIS2_PLACEMENT_3D('',#1517,#1518,#1519);
#658=EDGE_LOOP('',(#1520,#1521,#1522,#1523,#1524,#1525,#1526,#1527));
#659=AXIS2_PLACEMENT_3D('',#1528,#1529,#1530);
#660=EDGE_LOOP('',(#1531,#1532,#1533,#1534,#1535,#1536,#1537,#1538));
#661=AXIS2_PLACEMENT_3D('',#1539,#1540,#1541);
#662=EDGE_LOOP('',(#1542,#1543,#1544,#1545));
#663=AXIS2_PLACEMENT_3D('',#1546,#1547,#1548);
#664=EDGE_LOOP('',(#1549,#1550,#1551,#1552));
#665=AXIS2_PLACEMENT_3D('',#1553,#1554,#1555);
#666=EDGE_LOOP('',(#1556,#1557,#1558,#1559));
#667=AXIS2_PLACEMENT_3D('',#1560,#1561,#1562);
#668=EDGE_LOOP('',(#1563,#1564,#1565,#1566));
#669=AXIS2_PLACEMENT_3D('',#1567,#1568,#1569);
#670=EDGE_LOOP('',(#1570,#1571,#1572,#1573));
#671=AXIS2_PLACEMENT_3D('',#1574,#1575,#1576);
#672=EDGE_LOOP('',(#1577,#1578,#1579,#1580,#1581));
#673=AXIS2_PLACEMENT_3D('',#1582,#1583,#1584);
#674=EDGE_LOOP('',(#1585,#1586,#1587,#1588));
#675=AXIS2_PLACEMENT_3D('',#1589,#1590,#1591);
#676=EDGE_LOOP('',(#1592,#1593,#1594,#1595,#1596));
#677=AXIS2_PLACEMENT_3D('',#1597,#1598,#1599);
#678=EDGE_LOOP('',(#1600,#1601,#1602,#1603));
#679=AXIS2_PLACEMENT_3D('',#1604,#1605,#1606);
#680=EDGE_LOOP('',(#1607,#1608,#1609,#1610));
#681=AXIS2_PLACEMENT_3D('',#1611,#1612,#1613);
#682=EDGE_LOOP('',(#1614,#1615,#1616,#1617));
#683=AXIS2_PLACEMENT_3D('',#1618,#1619,#1620);
#684=EDGE_LOOP('',(#1621,#1622,#1623,#1624));
#685=AXIS2_PLACEMENT_3D('',#1625,#1626,#1627);
#686=EDGE_LOOP('',(#1628,#1629,#1630,#1631));
#687=AXIS2_PLACEMENT_3D('',#1632,#1633,#1634);
#688=EDGE_LOOP('',(#1635,#1636,#1637,#1638,#1639,#1640));
#689=AXIS2_PLACEMENT_3D('',#1641,#1642,#1643);
#690=EDGE_LOOP('',(#1644,#1645,#1646,#1647));
#691=AXIS2_PLACEMENT_3D('',#1648,#1649,#1650);
#692=EDGE_LOOP('',(#1651,#1652,#1653,#1654,#1655,#1656,#1657,#1658));
#693=AXIS2_PLACEMENT_3D('',#1659,#1660,#1661);
#694=EDGE_LOOP('',(#1662,#1663,#1664,#1665,#1666,#1667,#1668,#1669));
#695=AXIS2_PLACEMENT_3D('',#1670,#1671,#1672);
#696=EDGE_LOOP('',(#1673,#1674,#1675,#1676));
#697=AXIS2_PLACEMENT_3D('',#1677,#1678,#1679);
#698=EDGE_LOOP('',(#1680,#1681,#1682,#1683));
#699=AXIS2_PLACEMENT_3D('',#1684,#1685,#1686);
#700=EDGE_LOOP('',(#1687,#1688,#1689,#1690));
#701=AXIS2_PLACEMENT_3D('',#1691,#1692,#1693);
#702=EDGE_LOOP('',(#1694,#1695,#1696,#1697));
#703=AXIS2_PLACEMENT_3D('',#1698,#1699,#1700);
#704=EDGE_LOOP('',(#1701,#1702,#1703,#1704));
#705=AXIS2_PLACEMENT_3D('',#1705,#1706,#1707);
#706=EDGE_LOOP('',(#1708,#1709,#1710,#1711));
#707=AXIS2_PLACEMENT_3D('',#1712,#1713,#1714);
#708=EDGE_LOOP('',(#1715,#1716,#1717,#1718));
#709=AXIS2_PLACEMENT_3D('',#1719,#1720,#1721);
#710=EDGE_LOOP('',(#1722,#1723,#1724,#1725));
#711=AXIS2_PLACEMENT_3D('',#1726,#1727,#1728);
#712=EDGE_LOOP('',(#1729,#1730,#1731,#1732,#1733,#1734));
#713=AXIS2_PLACEMENT_3D('',#1735,#1736,#1737);
#714=EDGE_LOOP('',(#1738,#1739,#1740,#1741,#1742,#1743));
#715=AXIS2_PLACEMENT_3D('',#1744,#1745,#1746);
#716=EDGE_LOOP('',(#1747,#1748,#1749,#1750));
#717=AXIS2_PLACEMENT_3D('',#1751,#1752,#1753);
#718=EDGE_LOOP('',(#1754,#1755,#1756,#1757));
#719=AXIS2_PLACEMENT_3D('',#1758,#1759,#1760);
#720=EDGE_LOOP('',(#1761,#1762,#1763,#1764,#1765,#1766,#1767,#1768));
#721=AXIS2_PLACEMENT_3D('',#1769,#1770,#1771);
#722=EDGE_LOOP('',(#1772,#1773,#1774,#1775,#1776,#1777,#1778,#1779,#1780));
#723=AXIS2_PLACEMENT_3D('',#1781,#1782,#1783);
#724=EDGE_LOOP('',(#1784,#1785,#1786,#1787,#1788,#1789,#1790,#1791,#1792));
#725=AXIS2_PLACEMENT_3D('',#1793,#1794,#1795);
#726=EDGE_LOOP('',(#1796,#1797,#1798,#1799,#1800,#1801));
#727=AXIS2_PLACEMENT_3D('',#1802,#1803,#1804);
#728=EDGE_LOOP('',(#1805,#1806,#1807,#1808));
#729=AXIS2_PLACEMENT_3D('',#1809,#1810,#1811);
#730=EDGE_LOOP('',(#1812,#1813,#1814,#1815));
#731=AXIS2_PLACEMENT_3D('',#1816,#1817,#1818);
#732=EDGE_LOOP('',(#1819,#1820,#1821,#1822));
#733=AXIS2_PLACEMENT_3D('',#1823,#1824,#1825);
#734=EDGE_LOOP('',(#1826,#1827,#1828,#1829));
#735=AXIS2_PLACEMENT_3D('',#1830,#1831,#1832);
#736=EDGE_LOOP('',(#1833,#1834,#1835,#1836));
#737=AXIS2_PLACEMENT_3D('',#1837,#1838,#1839);
#738=EDGE_LOOP('',(#1840,#1841,#1842,#1843));
#739=AXIS2_PLACEMENT_3D('',#1844,#1845,#1846);
#740=EDGE_LOOP('',(#1847,#1848,#1849,#1850));
#741=AXIS2_PLACEMENT_3D('',#1851,#1852,#1853);
#742=EDGE_LOOP('',(#1854,#1855,#1856,#1857));
#743=AXIS2_PLACEMENT_3D('',#1858,#1859,#1860);
#744=EDGE_LOOP('',(#1861,#1862,#1863,#1864));
#745=AXIS2_PLACEMENT_3D('',#1865,#1866,#1867);
#746=EDGE_LOOP('',(#1868,#1869,#1870,#1871));
#747=AXIS2_PLACEMENT_3D('',#1872,#1873,#1874);
#748=EDGE_LOOP('',(#1875,#1876,#1877,#1878));
#749=AXIS2_PLACEMENT_3D('',#1879,#1880,#1881);
#750=EDGE_LOOP('',(#1882,#1883,#1884,#1885));
#751=AXIS2_PLACEMENT_3D('',#1886,#1887,#1888);
#752=EDGE_LOOP('',(#1889,#1890,#1891,#1892,#1893,#1894));
#753=AXIS2_PLACEMENT_3D('',#1895,#1896,#1897);
#754=EDGE_LOOP('',(#1898,#1899,#1900,#1901,#1902,#1903));
#755=AXIS2_PLACEMENT_3D('',#1904,#1905,#1906);
#756=EDGE_LOOP('',(#1907,#1908,#1909,#1910));
#757=AXIS2_PLACEMENT_3D('',#1911,#1912,#1913);
#758=EDGE_LOOP('',(#1914,#1915,#1916,#1917));
#759=AXIS2_PLACEMENT_3D('',#1918,#1919,#1920);
#760=EDGE_LOOP('',(#1921,#1922,#1923,#1924,#1925,#1926,#1927,#1928));
#761=AXIS2_PLACEMENT_3D('',#1929,#1930,#1931);
#762=EDGE_LOOP('',(#1932,#1933,#1934,#1935,#1936,#1937,#1938,#1939,#1940));
#763=AXIS2_PLACEMENT_3D('',#1941,#1942,#1943);
#764=EDGE_LOOP('',(#1944,#1945,#1946,#1947,#1948,#1949,#1950,#1951,#1952));
#765=AXIS2_PLACEMENT_3D('',#1953,#1954,#1955);
#766=EDGE_LOOP('',(#1956,#1957,#1958,#1959,#1960,#1961));
#767=AXIS2_PLACEMENT_3D('',#1962,#1963,#1964);
#768=EDGE_LOOP('',(#1965,#1966,#1967,#1968));
#769=AXIS2_PLACEMENT_3D('',#1969,#1970,#1971);
#770=EDGE_LOOP('',(#1972,#1973,#1974,#1975));
#771=AXIS2_PLACEMENT_3D('',#1976,#1977,#1978);
#772=EDGE_LOOP('',(#1979,#1980,#1981,#1982));
#773=AXIS2_PLACEMENT_3D('',#1983,#1984,#1985);
#774=EDGE_LOOP('',(#1986,#1987,#1988,#1989));
#775=AXIS2_PLACEMENT_3D('',#1990,#1991,#1992);
#776=EDGE_LOOP('',(#1993,#1994,#1995,#1996));
#777=AXIS2_PLACEMENT_3D('',#1997,#1998,#1999);
#778=EDGE_LOOP('',(#2000,#2001,#2002,#2003));
#779=AXIS2_PLACEMENT_3D('',#2004,#2005,#2006);
#780=EDGE_LOOP('',(#2007,#2008,#2009,#2010));
#781=AXIS2_PLACEMENT_3D('',#2011,#2012,#2013);
#782=EDGE_LOOP('',(#2014,#2015,#2016,#2017));
#783=AXIS2_PLACEMENT_3D('',#2018,#2019,#2020);
#784=EDGE_LOOP('',(#2021,#2022,#2023,#2024));
#785=AXIS2_PLACEMENT_3D('',#2025,#2026,#2027);
#786=EDGE_LOOP('',(#2028,#2029,#2030,#2031));
#787=AXIS2_PLACEMENT_3D('',#2032,#2033,#2034);
#788=EDGE_LOOP('',(#2035,#2036,#2037,#2038));
#789=AXIS2_PLACEMENT_3D('',#2039,#2040,#2041);
#790=EDGE_LOOP('',(#2042,#2043,#2044,#2045));
#791=AXIS2_PLACEMENT_3D('',#2046,#2047,#2048);
#792=EDGE_LOOP('',(#2049,#2050,#2051));
#793=AXIS2_PLACEMENT_3D('',#2052,#2053,#2054);
#794=FILL_AREA_STYLE_COLOUR('',#2055);
#795=ORIENTED_EDGE('',*,*,#2056,.T.);
#796=ORIENTED_EDGE('',*,*,#2057,.T.);
#797=ORIENTED_EDGE('',*,*,#2058,.F.);
#798=ORIENTED_EDGE('',*,*,#2059,.T.);
#799=CARTESIAN_POINT('',(2.235,6.4,0.439999999999996));
#800=DIRECTION('',(0.0,-1.0,1.36592399683204E-15));
#801=DIRECTION('',(-1.0,0.0,0.0));
#802=ORIENTED_EDGE('',*,*,#2060,.F.);
#803=ORIENTED_EDGE('',*,*,#2061,.T.);
#804=ORIENTED_EDGE('',*,*,#2062,.T.);
#805=ORIENTED_EDGE('',*,*,#2063,.F.);
#806=ORIENTED_EDGE('',*,*,#2064,.F.);
#807=ORIENTED_EDGE('',*,*,#2065,.F.);
#808=ORIENTED_EDGE('',*,*,#2066,.T.);
#809=ORIENTED_EDGE('',*,*,#2067,.F.);
#810=ORIENTED_EDGE('',*,*,#2068,.T.);
#811=ORIENTED_EDGE('',*,*,#2069,.T.);
#812=ORIENTED_EDGE('',*,*,#2070,.T.);
#813=ORIENTED_EDGE('',*,*,#2071,.T.);
#814=ORIENTED_EDGE('',*,*,#2072,.F.);
#815=ORIENTED_EDGE('',*,*,#2073,.F.);
#816=ORIENTED_EDGE('',*,*,#2074,.T.);
#817=ORIENTED_EDGE('',*,*,#2075,.F.);
#818=ORIENTED_EDGE('',*,*,#2076,.T.);
#819=ORIENTED_EDGE('',*,*,#2077,.T.);
#820=ORIENTED_EDGE('',*,*,#2078,.T.);
#821=ORIENTED_EDGE('',*,*,#2079,.T.);
#822=ORIENTED_EDGE('',*,*,#2080,.F.);
#823=ORIENTED_EDGE('',*,*,#2081,.F.);
#824=ORIENTED_EDGE('',*,*,#2082,.T.);
#825=ORIENTED_EDGE('',*,*,#2083,.F.);
#826=ORIENTED_EDGE('',*,*,#2084,.T.);
#827=ORIENTED_EDGE('',*,*,#2085,.T.);
#828=ORIENTED_EDGE('',*,*,#2086,.T.);
#829=ORIENTED_EDGE('',*,*,#2087,.T.);
#830=ORIENTED_EDGE('',*,*,#2088,.F.);
#831=ORIENTED_EDGE('',*,*,#2089,.F.);
#832=ORIENTED_EDGE('',*,*,#2090,.T.);
#833=ORIENTED_EDGE('',*,*,#2091,.F.);
#834=ORIENTED_EDGE('',*,*,#2092,.F.);
#835=ORIENTED_EDGE('',*,*,#2093,.F.);
#836=ORIENTED_EDGE('',*,*,#2094,.F.);
#837=ORIENTED_EDGE('',*,*,#2095,.F.);
#838=ORIENTED_EDGE('',*,*,#2096,.T.);
#839=ORIENTED_EDGE('',*,*,#2097,.F.);
#840=ORIENTED_EDGE('',*,*,#2098,.F.);
#841=ORIENTED_EDGE('',*,*,#2099,.F.);
#842=CARTESIAN_POINT('',(2.235,6.4,0.439999999999996));
#843=DIRECTION('',(0.0,-1.0,1.36592399683204E-15));
#844=DIRECTION('',(-1.0,0.0,0.0));
#845=ORIENTED_EDGE('',*,*,#2058,.T.);
#846=ORIENTED_EDGE('',*,*,#2100,.T.);
#847=ORIENTED_EDGE('',*,*,#2101,.F.);
#848=ORIENTED_EDGE('',*,*,#2102,.T.);
#849=ORIENTED_EDGE('',*,*,#2060,.T.);
#850=ORIENTED_EDGE('',*,*,#2103,.F.);
#851=ORIENTED_EDGE('',*,*,#2104,.F.);
#852=ORIENTED_EDGE('',*,*,#2105,.T.);
#853=ORIENTED_EDGE('',*,*,#2106,.T.);
#854=ORIENTED_EDGE('',*,*,#2107,.T.);
#855=CARTESIAN_POINT('',(2.235,6.4,1.71000000000008));
#856=DIRECTION('',(0.0,0.0,-1.0));
#857=DIRECTION('',(0.0,-1.0,0.0));
#858=ORIENTED_EDGE('',*,*,#2108,.F.);
#859=ORIENTED_EDGE('',*,*,#2109,.T.);
#860=ORIENTED_EDGE('',*,*,#2056,.F.);
#861=ORIENTED_EDGE('',*,*,#2110,.T.);
#862=ORIENTED_EDGE('',*,*,#2111,.F.);
#863=ORIENTED_EDGE('',*,*,#2112,.F.);
#864=ORIENTED_EDGE('',*,*,#2113,.F.);
#865=ORIENTED_EDGE('',*,*,#2114,.F.);
#866=ORIENTED_EDGE('',*,*,#2062,.F.);
#867=ORIENTED_EDGE('',*,*,#2115,.T.);
#868=CARTESIAN_POINT('',(2.235,2.05,0.439999999999996));
#869=DIRECTION('',(0.0,0.0,1.0));
#870=DIRECTION('',(1.0,0.0,0.0));
#871=ORIENTED_EDGE('',*,*,#2116,.T.);
#872=ORIENTED_EDGE('',*,*,#2117,.T.);
#873=ORIENTED_EDGE('',*,*,#2118,.F.);
#874=ORIENTED_EDGE('',*,*,#2119,.F.);
#875=ORIENTED_EDGE('',*,*,#2120,.F.);
#876=ORIENTED_EDGE('',*,*,#2121,.T.);
#877=ORIENTED_EDGE('',*,*,#2122,.T.);
#878=ORIENTED_EDGE('',*,*,#2123,.T.);
#879=ORIENTED_EDGE('',*,*,#2124,.T.);
#880=CARTESIAN_POINT('',(-1.98447719070999E-17,0.0,0.199999999999998));
#881=DIRECTION('',(4.96119297677517E-16,0.0,-1.0));
#882=DIRECTION('',(0.0,-1.0,0.0));
#883=ORIENTED_EDGE('',*,*,#2125,.T.);
#884=ORIENTED_EDGE('',*,*,#2126,.T.);
#885=ORIENTED_EDGE('',*,*,#2127,.T.);
#886=ORIENTED_EDGE('',*,*,#2128,.T.);
#887=CARTESIAN_POINT('',(-2.24317690859064E-17,5.40457172791843E-33,0.369999999999994));
#888=DIRECTION('',(-9.34657045246123E-17,2.25190488663273E-32,1.0));
#889=DIRECTION('',(1.0,-0.0,9.34657045246123E-17));
#890=ORIENTED_EDGE('',*,*,#2129,.T.);
#891=ORIENTED_EDGE('',*,*,#2130,.T.);
#892=ORIENTED_EDGE('',*,*,#2131,.T.);
#893=ORIENTED_EDGE('',*,*,#2132,.F.);
#894=ORIENTED_EDGE('',*,*,#2133,.T.);
#895=ORIENTED_EDGE('',*,*,#2134,.T.);
#896=ORIENTED_EDGE('',*,*,#2135,.T.);
#897=ORIENTED_EDGE('',*,*,#2136,.F.);
#898=ORIENTED_EDGE('',*,*,#2137,.T.);
#899=ORIENTED_EDGE('',*,*,#2138,.T.);
#900=ORIENTED_EDGE('',*,*,#2139,.T.);
#901=ORIENTED_EDGE('',*,*,#2140,.T.);
#902=ORIENTED_EDGE('',*,*,#2141,.T.);
#903=ORIENTED_EDGE('',*,*,#2142,.T.);
#904=ORIENTED_EDGE('',*,*,#2143,.T.);
#905=ORIENTED_EDGE('',*,*,#2144,.T.);
#906=ORIENTED_EDGE('',*,*,#2145,.T.);
#907=ORIENTED_EDGE('',*,*,#2146,.T.);
#908=ORIENTED_EDGE('',*,*,#2147,.T.);
#909=ORIENTED_EDGE('',*,*,#2148,.T.);
#910=ORIENTED_EDGE('',*,*,#2149,.T.);
#911=ORIENTED_EDGE('',*,*,#2150,.F.);
#912=ORIENTED_EDGE('',*,*,#2151,.T.);
#913=ORIENTED_EDGE('',*,*,#2152,.F.);
#914=CARTESIAN_POINT('',(-5.625,8.15,0.0399999999999812));
#915=DIRECTION('',(2.17990345892161E-15,0.0,-1.0));
#916=DIRECTION('',(0.0,-1.0,0.0));
#917=ORIENTED_EDGE('',*,*,#2153,.F.);
#918=ORIENTED_EDGE('',*,*,#2154,.F.);
#919=ORIENTED_EDGE('',*,*,#2155,.T.);
#920=ORIENTED_EDGE('',*,*,#2151,.F.);
#921=ORIENTED_EDGE('',*,*,#2156,.F.);
#922=ORIENTED_EDGE('',*,*,#2157,.F.);
#923=ORIENTED_EDGE('',*,*,#2158,.F.);
#924=ORIENTED_EDGE('',*,*,#2139,.F.);
#925=ORIENTED_EDGE('',*,*,#2159,.F.);
#926=ORIENTED_EDGE('',*,*,#2160,.F.);
#927=ORIENTED_EDGE('',*,*,#2161,.T.);
#928=ORIENTED_EDGE('',*,*,#2135,.F.);
#929=ORIENTED_EDGE('',*,*,#2162,.F.);
#930=ORIENTED_EDGE('',*,*,#2163,.F.);
#931=ORIENTED_EDGE('',*,*,#2164,.T.);
#932=ORIENTED_EDGE('',*,*,#2131,.F.);
#933=CARTESIAN_POINT('',(0.0,8.15,0.0));
#934=DIRECTION('',(0.0,-1.0,0.0));
#935=DIRECTION('',(0.0,0.0,-1.0));
#936=ORIENTED_EDGE('',*,*,#2165,.F.);
#937=ORIENTED_EDGE('',*,*,#2166,.T.);
#938=ORIENTED_EDGE('',*,*,#2167,.F.);
#939=ORIENTED_EDGE('',*,*,#2168,.F.);
#940=CARTESIAN_POINT('',(2.235,6.4,0.439999999999996));
#941=DIRECTION('',(0.0,-1.0,1.36592399683204E-15));
#942=DIRECTION('',(-1.0,0.0,0.0));
#943=ORIENTED_EDGE('',*,*,#2169,.T.);
#944=ORIENTED_EDGE('',*,*,#2170,.T.);
#945=ORIENTED_EDGE('',*,*,#2171,.T.);
#946=ORIENTED_EDGE('',*,*,#2172,.T.);
#947=CARTESIAN_POINT('',(-2.24317690859065E-17,2.70228586395922E-33,0.369999999999994));
#948=DIRECTION('',(-9.34657045246125E-17,1.12595244331637E-32,1.0));
#949=DIRECTION('',(1.0,-0.0,9.34657045246125E-17));
#950=ORIENTED_EDGE('',*,*,#2173,.T.);
#951=ORIENTED_EDGE('',*,*,#2174,.T.);
#952=ORIENTED_EDGE('',*,*,#2175,.T.);
#953=ORIENTED_EDGE('',*,*,#2176,.T.);
#954=CARTESIAN_POINT('',(-2.24317690859064E-17,5.40457172791843E-33,0.369999999999994));
#955=DIRECTION('',(-9.34657045246125E-17,2.25190488663273E-32,1.0));
#956=DIRECTION('',(1.0,-0.0,9.34657045246125E-17));
#957=ORIENTED_EDGE('',*,*,#2177,.F.);
#958=ORIENTED_EDGE('',*,*,#2090,.F.);
#959=ORIENTED_EDGE('',*,*,#2178,.F.);
#960=ORIENTED_EDGE('',*,*,#2179,.F.);
#961=ORIENTED_EDGE('',*,*,#2180,.F.);
#962=ORIENTED_EDGE('',*,*,#2181,.F.);
#963=ORIENTED_EDGE('',*,*,#2182,.F.);
#964=ORIENTED_EDGE('',*,*,#2166,.F.);
#965=ORIENTED_EDGE('',*,*,#2183,.F.);
#966=ORIENTED_EDGE('',*,*,#2184,.T.);
#967=CARTESIAN_POINT('',(2.235,2.05,0.439999999999996));
#968=DIRECTION('',(0.0,0.0,1.0));
#969=DIRECTION('',(1.0,0.0,0.0));
#970=ORIENTED_EDGE('',*,*,#2185,.F.);
#971=ORIENTED_EDGE('',*,*,#2186,.F.);
#972=ORIENTED_EDGE('',*,*,#2187,.T.);
#973=ORIENTED_EDGE('',*,*,#2188,.T.);
#974=CARTESIAN_POINT('',(1.175,5.35,-0.870999999999184));
#975=DIRECTION('',(-0.0,1.0,0.0));
#976=DIRECTION('',(1.0,0.0,0.0));
#977=ORIENTED_EDGE('',*,*,#2189,.F.);
#978=ORIENTED_EDGE('',*,*,#2188,.F.);
#979=ORIENTED_EDGE('',*,*,#2190,.T.);
#980=ORIENTED_EDGE('',*,*,#2191,.T.);
#981=CARTESIAN_POINT('',(0.675,5.35,-0.870999999999185));
#982=DIRECTION('',(-1.0,0.0,0.0));
#983=DIRECTION('',(0.0,0.0,1.0));
#984=ORIENTED_EDGE('',*,*,#2192,.F.);
#985=ORIENTED_EDGE('',*,*,#2193,.F.);
#986=ORIENTED_EDGE('',*,*,#2194,.T.);
#987=ORIENTED_EDGE('',*,*,#2195,.T.);
#988=CARTESIAN_POINT('',(-3.675,4.05,-0.870999999999187));
#989=DIRECTION('',(1.0,0.0,0.0));
#990=DIRECTION('',(0.0,1.0,0.0));
#991=ORIENTED_EDGE('',*,*,#2196,.F.);
#992=ORIENTED_EDGE('',*,*,#2195,.F.);
#993=ORIENTED_EDGE('',*,*,#2197,.T.);
#994=ORIENTED_EDGE('',*,*,#2198,.T.);
#995=CARTESIAN_POINT('',(-3.675,5.35,-0.870999999999187));
#996=DIRECTION('',(-0.0,1.0,0.0));
#997=DIRECTION('',(1.0,0.0,0.0));
#998=ORIENTED_EDGE('',*,*,#2199,.F.);
#999=ORIENTED_EDGE('',*,*,#2200,.T.);
#1000=ORIENTED_EDGE('',*,*,#2145,.F.);
#1001=ORIENTED_EDGE('',*,*,#2201,.F.);
#1002=CARTESIAN_POINT('',(0.925000000000001,4.25,-3.51999999999997));
#1003=DIRECTION('',(1.78837471750186E-16,1.0,0.0));
#1004=DIRECTION('',(1.0,-1.78837471750186E-16,0.0));
#1005=ORIENTED_EDGE('',*,*,#2202,.F.);
#1006=ORIENTED_EDGE('',*,*,#2203,.F.);
#1007=ORIENTED_EDGE('',*,*,#2204,.T.);
#1008=ORIENTED_EDGE('',*,*,#2205,.T.);
#1009=CARTESIAN_POINT('',(-1.8,4.85,-0.870999999999202));
#1010=DIRECTION('',(0.0,-1.0,0.0));
#1011=DIRECTION('',(0.0,0.0,-1.0));
#1012=ORIENTED_EDGE('',*,*,#2206,.F.);
#1013=ORIENTED_EDGE('',*,*,#2207,.F.);
#1014=ORIENTED_EDGE('',*,*,#2208,.T.);
#1015=ORIENTED_EDGE('',*,*,#2203,.T.);
#1016=CARTESIAN_POINT('',(-1.8,5.75,-0.870999999999202));
#1017=DIRECTION('',(-1.0,0.0,0.0));
#1018=DIRECTION('',(0.0,0.0,1.0));
#1019=ORIENTED_EDGE('',*,*,#2209,.F.);
#1020=ORIENTED_EDGE('',*,*,#2205,.F.);
#1021=ORIENTED_EDGE('',*,*,#2210,.T.);
#1022=ORIENTED_EDGE('',*,*,#2211,.T.);
#1023=CARTESIAN_POINT('',(-1.2,4.85,-0.870999999999202));
#1024=DIRECTION('',(1.0,4.81867632215779E-16,0.0));
#1025=DIRECTION('',(-4.81867632215779E-16,1.0,0.0));
#1026=ORIENTED_EDGE('',*,*,#2212,.F.);
#1027=ORIENTED_EDGE('',*,*,#2211,.F.);
#1028=ORIENTED_EDGE('',*,*,#2213,.T.);
#1029=ORIENTED_EDGE('',*,*,#2207,.T.);
#1030=CARTESIAN_POINT('',(-1.2,5.75,-0.870999999999202));
#1031=DIRECTION('',(-0.0,1.0,0.0));
#1032=DIRECTION('',(1.0,0.0,0.0));
#1033=ORIENTED_EDGE('',*,*,#2214,.T.);
#1034=ORIENTED_EDGE('',*,*,#2215,.T.);
#1035=ORIENTED_EDGE('',*,*,#2216,.T.);
#1036=ORIENTED_EDGE('',*,*,#2111,.T.);
#1037=ORIENTED_EDGE('',*,*,#2217,.F.);
#1038=ORIENTED_EDGE('',*,*,#2106,.F.);
#1039=ORIENTED_EDGE('',*,*,#2218,.T.);
#1040=ORIENTED_EDGE('',*,*,#2219,.T.);
#1041=CARTESIAN_POINT('',(0.0,2.05,0.0));
#1042=DIRECTION('',(0.0,-1.0,0.0));
#1043=DIRECTION('',(0.0,0.0,-1.0));
#1044=ORIENTED_EDGE('',*,*,#2220,.F.);
#1045=ORIENTED_EDGE('',*,*,#2119,.T.);
#1046=ORIENTED_EDGE('',*,*,#2221,.T.);
#1047=ORIENTED_EDGE('',*,*,#2222,.T.);
#1048=ORIENTED_EDGE('',*,*,#2223,.F.);
#1049=ORIENTED_EDGE('',*,*,#2224,.F.);
#1050=ORIENTED_EDGE('',*,*,#2225,.T.);
#1051=ORIENTED_EDGE('',*,*,#2181,.T.);
#1052=CARTESIAN_POINT('',(0.0,2.05,0.0));
#1053=DIRECTION('',(0.0,-1.0,0.0));
#1054=DIRECTION('',(0.0,0.0,-1.0));
#1055=ORIENTED_EDGE('',*,*,#2226,.T.);
#1056=ORIENTED_EDGE('',*,*,#2227,.T.);
#1057=ORIENTED_EDGE('',*,*,#2214,.F.);
#1058=ORIENTED_EDGE('',*,*,#2228,.F.);
#1059=ORIENTED_EDGE('',*,*,#2156,.T.);
#1060=ORIENTED_EDGE('',*,*,#2150,.T.);
#1061=CARTESIAN_POINT('',(-5.625,8.15,1.99999999999998));
#1062=DIRECTION('',(-1.0,0.0,-1.7701259958947E-15));
#1063=DIRECTION('',(-1.7701259958947E-15,0.0,1.0));
#1064=ORIENTED_EDGE('',*,*,#2229,.F.);
#1065=ORIENTED_EDGE('',*,*,#2230,.T.);
#1066=ORIENTED_EDGE('',*,*,#2231,.F.);
#1067=ORIENTED_EDGE('',*,*,#2168,.T.);
#1068=ORIENTED_EDGE('',*,*,#2232,.F.);
#1069=ORIENTED_EDGE('',*,*,#2224,.T.);
#1070=ORIENTED_EDGE('',*,*,#2233,.T.);
#1071=ORIENTED_EDGE('',*,*,#2234,.F.);
#1072=ORIENTED_EDGE('',*,*,#2235,.T.);
#1073=ORIENTED_EDGE('',*,*,#2092,.T.);
#1074=CARTESIAN_POINT('',(2.235,6.4,1.71000000000008));
#1075=DIRECTION('',(0.0,0.0,-1.0));
#1076=DIRECTION('',(0.0,-1.0,0.0));
#1077=ORIENTED_EDGE('',*,*,#2236,.F.);
#1078=ORIENTED_EDGE('',*,*,#2140,.F.);
#1079=ORIENTED_EDGE('',*,*,#2158,.T.);
#1080=ORIENTED_EDGE('',*,*,#2237,.T.);
#1081=ORIENTED_EDGE('',*,*,#2221,.F.);
#1082=ORIENTED_EDGE('',*,*,#2118,.T.);
#1083=CARTESIAN_POINT('',(2.625,8.15,0.0399999999999991));
#1084=DIRECTION('',(1.0,0.0,4.42531498973675E-16));
#1085=DIRECTION('',(-4.42531498973675E-16,0.0,1.0));
#1086=ORIENTED_EDGE('',*,*,#2238,.F.);
#1087=ORIENTED_EDGE('',*,*,#2239,.F.);
#1088=ORIENTED_EDGE('',*,*,#2240,.F.);
#1089=ORIENTED_EDGE('',*,*,#2204,.F.);
#1090=ORIENTED_EDGE('',*,*,#2208,.F.);
#1091=ORIENTED_EDGE('',*,*,#2213,.F.);
#1092=ORIENTED_EDGE('',*,*,#2210,.F.);
#1093=ORIENTED_EDGE('',*,*,#2241,.F.);
#1094=ORIENTED_EDGE('',*,*,#2197,.F.);
#1095=ORIENTED_EDGE('',*,*,#2194,.F.);
#1096=ORIENTED_EDGE('',*,*,#2242,.F.);
#1097=ORIENTED_EDGE('',*,*,#2190,.F.);
#1098=ORIENTED_EDGE('',*,*,#2187,.F.);
#1099=ORIENTED_EDGE('',*,*,#2243,.F.);
#1100=ORIENTED_EDGE('',*,*,#2222,.F.);
#1101=ORIENTED_EDGE('',*,*,#2237,.F.);
#1102=ORIENTED_EDGE('',*,*,#2157,.T.);
#1103=ORIENTED_EDGE('',*,*,#2228,.T.);
#1104=ORIENTED_EDGE('',*,*,#2219,.F.);
#1105=CARTESIAN_POINT('',(2.625,8.15,2.0));
#1106=DIRECTION('',(-1.89242561015652E-15,0.0,1.0));
#1107=DIRECTION('',(1.0,-0.0,1.89242561015652E-15));
#1108=ORIENTED_EDGE('',*,*,#2225,.F.);
#1109=ORIENTED_EDGE('',*,*,#2232,.T.);
#1110=ORIENTED_EDGE('',*,*,#2167,.T.);
#1111=ORIENTED_EDGE('',*,*,#2182,.T.);
#1112=CARTESIAN_POINT('',(2.235,0.0,0.0));
#1113=DIRECTION('',(1.0,0.0,0.0));
#1114=DIRECTION('',(0.0,1.0,0.0));
#1115=ORIENTED_EDGE('',*,*,#2217,.T.);
#1116=ORIENTED_EDGE('',*,*,#2110,.F.);
#1117=ORIENTED_EDGE('',*,*,#2059,.F.);
#1118=ORIENTED_EDGE('',*,*,#2107,.F.);
#1119=CARTESIAN_POINT('',(-5.235,0.0,0.0));
#1120=DIRECTION('',(1.0,0.0,0.0));
#1121=DIRECTION('',(0.0,1.0,0.0));
#1122=ORIENTED_EDGE('',*,*,#2186,.T.);
#1123=ORIENTED_EDGE('',*,*,#2244,.T.);
#1124=ORIENTED_EDGE('',*,*,#2095,.T.);
#1125=ORIENTED_EDGE('',*,*,#2245,.F.);
#1126=ORIENTED_EDGE('',*,*,#2246,.F.);
#1127=ORIENTED_EDGE('',*,*,#2233,.F.);
#1128=ORIENTED_EDGE('',*,*,#2223,.T.);
#1129=ORIENTED_EDGE('',*,*,#2243,.T.);
#1130=CARTESIAN_POINT('',(1.175,2.05,-0.870999999999184));
#1131=DIRECTION('',(1.0,-2.62836890299516E-16,0.0));
#1132=DIRECTION('',(-2.62836890299516E-16,-1.0,0.0));
#1133=ORIENTED_EDGE('',*,*,#2193,.T.);
#1134=ORIENTED_EDGE('',*,*,#2247,.T.);
#1135=ORIENTED_EDGE('',*,*,#2191,.F.);
#1136=ORIENTED_EDGE('',*,*,#2242,.T.);
#1137=CARTESIAN_POINT('',(0.674999999999999,4.05,-0.870999999999185));
#1138=DIRECTION('',(-3.9878700597168E-16,1.0,0.0));
#1139=DIRECTION('',(1.0,3.9878700597168E-16,-0.0));
#1140=ORIENTED_EDGE('',*,*,#2218,.F.);
#1141=ORIENTED_EDGE('',*,*,#2105,.F.);
#1142=ORIENTED_EDGE('',*,*,#2248,.F.);
#1143=ORIENTED_EDGE('',*,*,#2249,.T.);
#1144=ORIENTED_EDGE('',*,*,#2097,.T.);
#1145=ORIENTED_EDGE('',*,*,#2250,.F.);
#1146=ORIENTED_EDGE('',*,*,#2198,.F.);
#1147=ORIENTED_EDGE('',*,*,#2241,.T.);
#1148=CARTESIAN_POINT('',(-4.175,5.35,-0.870999999999187));
#1149=DIRECTION('',(-1.0,2.62836890299516E-16,0.0));
#1150=DIRECTION('',(0.0,0.0,1.0));
#1151=ORIENTED_EDGE('',*,*,#2251,.T.);
#1152=ORIENTED_EDGE('',*,*,#2120,.T.);
#1153=ORIENTED_EDGE('',*,*,#2220,.T.);
#1154=ORIENTED_EDGE('',*,*,#2180,.T.);
#1155=CARTESIAN_POINT('',(2.065,2.05,-3.51999999999997));
#1156=DIRECTION('',(1.0,0.0,0.0));
#1157=DIRECTION('',(0.0,1.0,0.0));
#1158=ORIENTED_EDGE('',*,*,#2251,.F.);
#1159=ORIENTED_EDGE('',*,*,#2179,.T.);
#1160=ORIENTED_EDGE('',*,*,#2252,.T.);
#1161=ORIENTED_EDGE('',*,*,#2143,.F.);
#1162=ORIENTED_EDGE('',*,*,#2253,.F.);
#1163=CARTESIAN_POINT('',(2.065,2.35,-3.51999999999997));
#1164=DIRECTION('',(-0.0,1.0,0.0));
#1165=DIRECTION('',(1.0,0.0,0.0));
#1166=ORIENTED_EDGE('',*,*,#2178,.T.);
#1167=ORIENTED_EDGE('',*,*,#2089,.T.);
#1168=ORIENTED_EDGE('',*,*,#2254,.T.);
#1169=ORIENTED_EDGE('',*,*,#2201,.T.);
#1170=ORIENTED_EDGE('',*,*,#2144,.F.);
#1171=ORIENTED_EDGE('',*,*,#2252,.F.);
#1172=CARTESIAN_POINT('',(0.924999999999999,2.35,-3.51999999999997));
#1173=DIRECTION('',(1.0,-4.56506177888633E-16,0.0));
#1174=DIRECTION('',(-4.56506177888633E-16,-1.0,0.0));
#1175=ORIENTED_EDGE('',*,*,#2216,.F.);
#1176=ORIENTED_EDGE('',*,*,#2255,.T.);
#1177=ORIENTED_EDGE('',*,*,#2256,.F.);
#1178=ORIENTED_EDGE('',*,*,#2112,.T.);
#1179=CARTESIAN_POINT('',(-5.065,2.35,-3.51999999999997));
#1180=DIRECTION('',(-1.0,0.0,0.0));
#1181=DIRECTION('',(0.0,0.0,1.0));
#1182=ORIENTED_EDGE('',*,*,#2200,.F.);
#1183=ORIENTED_EDGE('',*,*,#2257,.F.);
#1184=ORIENTED_EDGE('',*,*,#2063,.T.);
#1185=ORIENTED_EDGE('',*,*,#2114,.T.);
#1186=ORIENTED_EDGE('',*,*,#2258,.T.);
#1187=ORIENTED_EDGE('',*,*,#2146,.F.);
#1188=CARTESIAN_POINT('',(-3.925,4.25,-3.51999999999997));
#1189=DIRECTION('',(-1.0,0.0,0.0));
#1190=DIRECTION('',(0.0,0.0,1.0));
#1191=ORIENTED_EDGE('',*,*,#2258,.F.);
#1192=ORIENTED_EDGE('',*,*,#2113,.T.);
#1193=ORIENTED_EDGE('',*,*,#2256,.T.);
#1194=ORIENTED_EDGE('',*,*,#2259,.T.);
#1195=ORIENTED_EDGE('',*,*,#2147,.F.);
#1196=CARTESIAN_POINT('',(-3.925,2.35,-3.51999999999997));
#1197=DIRECTION('',(-0.0,1.0,0.0));
#1198=DIRECTION('',(1.0,0.0,0.0));
#1199=ORIENTED_EDGE('',*,*,#2099,.T.);
#1200=ORIENTED_EDGE('',*,*,#2260,.F.);
#1201=ORIENTED_EDGE('',*,*,#2261,.F.);
#1202=ORIENTED_EDGE('',*,*,#2103,.T.);
#1203=CARTESIAN_POINT('',(-5.065,4.75,1.71000000000008));
#1204=DIRECTION('',(1.0,0.0,0.0));
#1205=DIRECTION('',(0.0,1.0,0.0));
#1206=ORIENTED_EDGE('',*,*,#2098,.T.);
#1207=ORIENTED_EDGE('',*,*,#2249,.F.);
#1208=ORIENTED_EDGE('',*,*,#2262,.F.);
#1209=ORIENTED_EDGE('',*,*,#2260,.T.);
#1210=CARTESIAN_POINT('',(-5.065,4.75,1.53999999999999));
#1211=DIRECTION('',(-3.1673321892835E-15,0.0,1.0));
#1212=DIRECTION('',(1.0,-0.0,3.1673321892835E-15));
#1213=ORIENTED_EDGE('',*,*,#2261,.T.);
#1214=ORIENTED_EDGE('',*,*,#2262,.T.);
#1215=ORIENTED_EDGE('',*,*,#2248,.T.);
#1216=ORIENTED_EDGE('',*,*,#2104,.T.);
#1217=CARTESIAN_POINT('',(0.0,4.75,0.0));
#1218=DIRECTION('',(0.0,-1.0,0.0));
#1219=DIRECTION('',(0.0,0.0,-1.0));
#1220=ORIENTED_EDGE('',*,*,#2094,.T.);
#1221=ORIENTED_EDGE('',*,*,#2263,.F.);
#1222=ORIENTED_EDGE('',*,*,#2264,.F.);
#1223=ORIENTED_EDGE('',*,*,#2245,.T.);
#1224=CARTESIAN_POINT('',(1.175,4.75,1.54000000000008));
#1225=DIRECTION('',(-2.43640937637192E-16,0.0,1.0));
#1226=DIRECTION('',(1.0,-0.0,2.43640937637192E-16));
#1227=ORIENTED_EDGE('',*,*,#2093,.T.);
#1228=ORIENTED_EDGE('',*,*,#2235,.F.);
#1229=ORIENTED_EDGE('',*,*,#2265,.F.);
#1230=ORIENTED_EDGE('',*,*,#2263,.T.);
#1231=CARTESIAN_POINT('',(2.065,4.75,1.54000000000008));
#1232=DIRECTION('',(-1.0,0.0,2.55106393526001E-15));
#1233=DIRECTION('',(0.0,1.0,0.0));
#1234=ORIENTED_EDGE('',*,*,#2246,.T.);
#1235=ORIENTED_EDGE('',*,*,#2264,.T.);
#1236=ORIENTED_EDGE('',*,*,#2265,.T.);
#1237=ORIENTED_EDGE('',*,*,#2234,.T.);
#1238=CARTESIAN_POINT('',(0.0,4.75,0.0));
#1239=DIRECTION('',(0.0,-1.0,0.0));
#1240=DIRECTION('',(0.0,0.0,-1.0));
#1241=ORIENTED_EDGE('',*,*,#2266,.F.);
#1242=ORIENTED_EDGE('',*,*,#2267,.T.);
#1243=ORIENTED_EDGE('',*,*,#2148,.F.);
#1244=ORIENTED_EDGE('',*,*,#2259,.F.);
#1245=CARTESIAN_POINT('',(-5.065,3.85,0.199999999999998));
#1246=DIRECTION('',(1.0,0.0,0.0));
#1247=DIRECTION('',(0.0,1.0,0.0));
#1248=ORIENTED_EDGE('',*,*,#2149,.F.);
#1249=ORIENTED_EDGE('',*,*,#2267,.F.);
#1250=ORIENTED_EDGE('',*,*,#2268,.F.);
#1251=ORIENTED_EDGE('',*,*,#2226,.F.);
#1252=CARTESIAN_POINT('',(-5.625,3.85,0.199999999999998));
#1253=DIRECTION('',(-0.0,1.0,0.0));
#1254=DIRECTION('',(1.0,0.0,0.0));
#1255=ORIENTED_EDGE('',*,*,#2269,.F.);
#1256=ORIENTED_EDGE('',*,*,#2270,.F.);
#1257=ORIENTED_EDGE('',*,*,#2271,.F.);
#1258=ORIENTED_EDGE('',*,*,#2272,.F.);
#1259=ORIENTED_EDGE('',*,*,#2227,.F.);
#1260=ORIENTED_EDGE('',*,*,#2268,.T.);
#1261=ORIENTED_EDGE('',*,*,#2266,.T.);
#1262=ORIENTED_EDGE('',*,*,#2255,.F.);
#1263=ORIENTED_EDGE('',*,*,#2215,.F.);
#1264=CARTESIAN_POINT('',(0.0,0.0,0.199999999999998));
#1265=DIRECTION('',(0.0,0.0,-1.0));
#1266=DIRECTION('',(0.0,-1.0,0.0));
#1267=ORIENTED_EDGE('',*,*,#2253,.T.);
#1268=ORIENTED_EDGE('',*,*,#2142,.F.);
#1269=ORIENTED_EDGE('',*,*,#2273,.F.);
#1270=ORIENTED_EDGE('',*,*,#2116,.F.);
#1271=CARTESIAN_POINT('',(2.065,2.05,0.199999999999999));
#1272=DIRECTION('',(-1.0,0.0,0.0));
#1273=DIRECTION('',(0.0,0.0,1.0));
#1274=ORIENTED_EDGE('',*,*,#2141,.F.);
#1275=ORIENTED_EDGE('',*,*,#2236,.T.);
#1276=ORIENTED_EDGE('',*,*,#2117,.F.);
#1277=ORIENTED_EDGE('',*,*,#2273,.T.);
#1278=CARTESIAN_POINT('',(2.065,3.85,0.199999999999999));
#1279=DIRECTION('',(-0.0,1.0,0.0));
#1280=DIRECTION('',(1.0,0.0,0.0));
#1281=ORIENTED_EDGE('',*,*,#2202,.T.);
#1282=ORIENTED_EDGE('',*,*,#2209,.T.);
#1283=ORIENTED_EDGE('',*,*,#2212,.T.);
#1284=ORIENTED_EDGE('',*,*,#2206,.T.);
#1285=ORIENTED_EDGE('',*,*,#2185,.T.);
#1286=ORIENTED_EDGE('',*,*,#2189,.T.);
#1287=ORIENTED_EDGE('',*,*,#2247,.F.);
#1288=ORIENTED_EDGE('',*,*,#2192,.T.);
#1289=ORIENTED_EDGE('',*,*,#2196,.T.);
#1290=ORIENTED_EDGE('',*,*,#2250,.T.);
#1291=ORIENTED_EDGE('',*,*,#2096,.F.);
#1292=ORIENTED_EDGE('',*,*,#2244,.F.);
#1293=CARTESIAN_POINT('',(1.175,-16.865,1.76000000000008));
#1294=DIRECTION('',(1.2159276700772E-16,0.0,-1.0));
#1295=DIRECTION('',(0.0,-1.0,0.0));
#1296=ORIENTED_EDGE('',*,*,#2274,.F.);
#1297=ORIENTED_EDGE('',*,*,#2064,.T.);
#1298=ORIENTED_EDGE('',*,*,#2257,.T.);
#1299=ORIENTED_EDGE('',*,*,#2199,.T.);
#1300=ORIENTED_EDGE('',*,*,#2254,.F.);
#1301=ORIENTED_EDGE('',*,*,#2088,.T.);
#1302=ORIENTED_EDGE('',*,*,#2275,.F.);
#1303=ORIENTED_EDGE('',*,*,#2276,.F.);
#1304=ORIENTED_EDGE('',*,*,#2277,.F.);
#1305=ORIENTED_EDGE('',*,*,#2080,.T.);
#1306=ORIENTED_EDGE('',*,*,#2278,.F.);
#1307=ORIENTED_EDGE('',*,*,#2279,.F.);
#1308=ORIENTED_EDGE('',*,*,#2280,.F.);
#1309=ORIENTED_EDGE('',*,*,#2072,.T.);
#1310=ORIENTED_EDGE('',*,*,#2281,.F.);
#1311=ORIENTED_EDGE('',*,*,#2282,.F.);
#1312=CARTESIAN_POINT('',(-3.925,-16.865,0.239999999999995));
#1313=DIRECTION('',(1.22950761828253E-16,0.0,1.0));
#1314=DIRECTION('',(1.0,0.0,-1.22950761828253E-16));
#1315=ORIENTED_EDGE('',*,*,#2277,.T.);
#1316=ORIENTED_EDGE('',*,*,#2283,.F.);
#1317=ORIENTED_EDGE('',*,*,#2175,.F.);
#1318=ORIENTED_EDGE('',*,*,#2284,.F.);
#1319=ORIENTED_EDGE('',*,*,#2081,.T.);
#1320=CARTESIAN_POINT('',(-0.144999999999999,6.4,0.369999999999994));
#1321=DIRECTION('',(1.0,-2.4093381610789E-16,0.0));
#1322=DIRECTION('',(-2.4093381610789E-16,-1.0,0.0));
#1323=ORIENTED_EDGE('',*,*,#2276,.T.);
#1324=ORIENTED_EDGE('',*,*,#2285,.F.);
#1325=ORIENTED_EDGE('',*,*,#2176,.F.);
#1326=ORIENTED_EDGE('',*,*,#2283,.T.);
#1327=CARTESIAN_POINT('',(-0.145,4.6,0.369999999999994));
#1328=DIRECTION('',(-0.0,1.0,0.0));
#1329=DIRECTION('',(1.0,0.0,0.0));
#1330=ORIENTED_EDGE('',*,*,#2275,.T.);
#1331=ORIENTED_EDGE('',*,*,#2087,.F.);
#1332=ORIENTED_EDGE('',*,*,#2286,.F.);
#1333=ORIENTED_EDGE('',*,*,#2173,.F.);
#1334=ORIENTED_EDGE('',*,*,#2285,.T.);
#1335=CARTESIAN_POINT('',(0.145,4.6,0.369999999999994));
#1336=DIRECTION('',(-1.0,2.71050543121376E-16,0.0));
#1337=DIRECTION('',(0.0,0.0,1.0));
#1338=ORIENTED_EDGE('',*,*,#2085,.F.);
#1339=ORIENTED_EDGE('',*,*,#2287,.T.);
#1340=ORIENTED_EDGE('',*,*,#2288,.T.);
#1341=ORIENTED_EDGE('',*,*,#2289,.T.);
#1342=CARTESIAN_POINT('',(0.15,8.16,0.409999999999959));
#1343=DIRECTION('',(-1.0,0.0,0.0));
#1344=DIRECTION('',(0.0,0.0,1.0));
#1345=ORIENTED_EDGE('',*,*,#2290,.F.);
#1346=ORIENTED_EDGE('',*,*,#2083,.T.);
#1347=ORIENTED_EDGE('',*,*,#2291,.F.);
#1348=ORIENTED_EDGE('',*,*,#2292,.F.);
#1349=CARTESIAN_POINT('',(-0.15,8.16,0.409999999999959));
#1350=DIRECTION('',(-1.0,0.0,0.0));
#1351=DIRECTION('',(0.0,0.0,1.0));
#1352=ORIENTED_EDGE('',*,*,#2084,.F.);
#1353=ORIENTED_EDGE('',*,*,#2290,.T.);
#1354=ORIENTED_EDGE('',*,*,#2293,.F.);
#1355=ORIENTED_EDGE('',*,*,#2287,.F.);
#1356=CARTESIAN_POINT('',(0.15,8.06,1.08999999999996));
#1357=DIRECTION('',(0.0,1.93607530800983E-16,-1.0));
#1358=DIRECTION('',(-1.0,0.0,0.0));
#1359=ORIENTED_EDGE('',*,*,#2082,.F.);
#1360=ORIENTED_EDGE('',*,*,#2284,.T.);
#1361=ORIENTED_EDGE('',*,*,#2294,.T.);
#1362=ORIENTED_EDGE('',*,*,#2291,.T.);
#1363=CARTESIAN_POINT('',(0.15,4.7,0.36999999999996));
#1364=DIRECTION('',(0.0,1.75437244738755E-17,1.0));
#1365=DIRECTION('',(0.0,-1.0,1.75437244738755E-17));
#1366=ORIENTED_EDGE('',*,*,#2295,.T.);
#1367=ORIENTED_EDGE('',*,*,#2286,.T.);
#1368=ORIENTED_EDGE('',*,*,#2086,.F.);
#1369=ORIENTED_EDGE('',*,*,#2289,.F.);
#1370=CARTESIAN_POINT('',(0.15,4.7,0.36999999999996));
#1371=DIRECTION('',(0.0,1.75437244738755E-17,1.0));
#1372=DIRECTION('',(0.0,-1.0,1.75437244738755E-17));
#1373=ORIENTED_EDGE('',*,*,#2292,.T.);
#1374=ORIENTED_EDGE('',*,*,#2294,.F.);
#1375=ORIENTED_EDGE('',*,*,#2174,.F.);
#1376=ORIENTED_EDGE('',*,*,#2295,.F.);
#1377=ORIENTED_EDGE('',*,*,#2288,.F.);
#1378=ORIENTED_EDGE('',*,*,#2293,.T.);
#1379=CARTESIAN_POINT('',(0.15,4.7,1.08999999999996));
#1380=DIRECTION('',(-0.0,1.0,0.0));
#1381=DIRECTION('',(1.0,0.0,0.0));
#1382=ORIENTED_EDGE('',*,*,#2296,.T.);
#1383=ORIENTED_EDGE('',*,*,#2160,.T.);
#1384=ORIENTED_EDGE('',*,*,#2297,.F.);
#1385=ORIENTED_EDGE('',*,*,#2298,.T.);
#1386=CARTESIAN_POINT('',(0.15,8.16,0.409999999999959));
#1387=DIRECTION('',(1.0,-0.0,0.0));
#1388=DIRECTION('',(0.0,0.0,1.0));
#1389=ORIENTED_EDGE('',*,*,#2138,.F.);
#1390=ORIENTED_EDGE('',*,*,#2299,.T.);
#1391=ORIENTED_EDGE('',*,*,#2300,.T.);
#1392=ORIENTED_EDGE('',*,*,#2301,.T.);
#1393=ORIENTED_EDGE('',*,*,#2302,.T.);
#1394=ORIENTED_EDGE('',*,*,#2303,.T.);
#1395=ORIENTED_EDGE('',*,*,#2297,.T.);
#1396=ORIENTED_EDGE('',*,*,#2159,.T.);
#1397=CARTESIAN_POINT('',(0.15,8.16,0.409999999999959));
#1398=DIRECTION('',(-1.0,0.0,0.0));
#1399=DIRECTION('',(0.0,0.0,1.0));
#1400=ORIENTED_EDGE('',*,*,#2304,.F.);
#1401=ORIENTED_EDGE('',*,*,#2136,.T.);
#1402=ORIENTED_EDGE('',*,*,#2161,.F.);
#1403=ORIENTED_EDGE('',*,*,#2296,.F.);
#1404=ORIENTED_EDGE('',*,*,#2305,.F.);
#1405=ORIENTED_EDGE('',*,*,#2306,.F.);
#1406=ORIENTED_EDGE('',*,*,#2307,.F.);
#1407=ORIENTED_EDGE('',*,*,#2308,.F.);
#1408=CARTESIAN_POINT('',(-0.15,8.16,0.409999999999959));
#1409=DIRECTION('',(-1.0,0.0,0.0));
#1410=DIRECTION('',(0.0,0.0,1.0));
#1411=ORIENTED_EDGE('',*,*,#2137,.F.);
#1412=ORIENTED_EDGE('',*,*,#2304,.T.);
#1413=ORIENTED_EDGE('',*,*,#2309,.F.);
#1414=ORIENTED_EDGE('',*,*,#2299,.F.);
#1415=CARTESIAN_POINT('',(0.15,7.79,0.36999999999996));
#1416=DIRECTION('',(-0.0,1.0,0.0));
#1417=DIRECTION('',(1.0,0.0,0.0));
#1418=ORIENTED_EDGE('',*,*,#2308,.T.);
#1419=ORIENTED_EDGE('',*,*,#2310,.F.);
#1420=ORIENTED_EDGE('',*,*,#2300,.F.);
#1421=ORIENTED_EDGE('',*,*,#2309,.T.);
#1422=CARTESIAN_POINT('',(0.15,7.79,-4.01345623401994E-14));
#1423=DIRECTION('',(0.0,0.0,1.0));
#1424=DIRECTION('',(1.0,0.0,0.0));
#1425=ORIENTED_EDGE('',*,*,#2307,.T.);
#1426=ORIENTED_EDGE('',*,*,#2311,.F.);
#1427=ORIENTED_EDGE('',*,*,#2301,.F.);
#1428=ORIENTED_EDGE('',*,*,#2310,.T.);
#1429=CARTESIAN_POINT('',(0.15,8.41,-4.00790511889682E-14));
#1430=DIRECTION('',(0.0,-0.707106781186546,0.707106781186549));
#1431=DIRECTION('',(-1.0,0.0,0.0));
#1432=ORIENTED_EDGE('',*,*,#2306,.T.);
#1433=ORIENTED_EDGE('',*,*,#2312,.F.);
#1434=ORIENTED_EDGE('',*,*,#2302,.F.);
#1435=ORIENTED_EDGE('',*,*,#2311,.T.);
#1436=CARTESIAN_POINT('',(0.15,8.49,0.0799999999999598));
#1437=DIRECTION('',(0.0,-1.0,0.0));
#1438=DIRECTION('',(0.0,0.0,-1.0));
#1439=ORIENTED_EDGE('',*,*,#2305,.T.);
#1440=ORIENTED_EDGE('',*,*,#2298,.F.);
#1441=ORIENTED_EDGE('',*,*,#2303,.F.);
#1442=ORIENTED_EDGE('',*,*,#2312,.T.);
#1443=CARTESIAN_POINT('',(0.15,8.49,0.30999999999996));
#1444=DIRECTION('',(0.0,0.0,-1.0));
#1445=DIRECTION('',(0.0,-1.0,0.0));
#1446=ORIENTED_EDGE('',*,*,#2280,.T.);
#1447=ORIENTED_EDGE('',*,*,#2313,.F.);
#1448=ORIENTED_EDGE('',*,*,#2171,.F.);
#1449=ORIENTED_EDGE('',*,*,#2314,.F.);
#1450=ORIENTED_EDGE('',*,*,#2073,.T.);
#1451=CARTESIAN_POINT('',(-1.645,6.4,0.369999999999994));
#1452=DIRECTION('',(1.0,-1.20466908053945E-16,0.0));
#1453=DIRECTION('',(-1.20466908053945E-16,-1.0,0.0));
#1454=ORIENTED_EDGE('',*,*,#2279,.T.);
#1455=ORIENTED_EDGE('',*,*,#2315,.F.);
#1456=ORIENTED_EDGE('',*,*,#2172,.F.);
#1457=ORIENTED_EDGE('',*,*,#2313,.T.);
#1458=CARTESIAN_POINT('',(-1.645,4.6,0.369999999999994));
#1459=DIRECTION('',(-0.0,1.0,0.0));
#1460=DIRECTION('',(1.0,0.0,0.0));
#1461=ORIENTED_EDGE('',*,*,#2278,.T.);
#1462=ORIENTED_EDGE('',*,*,#2079,.F.);
#1463=ORIENTED_EDGE('',*,*,#2316,.F.);
#1464=ORIENTED_EDGE('',*,*,#2169,.F.);
#1465=ORIENTED_EDGE('',*,*,#2315,.T.);
#1466=CARTESIAN_POINT('',(-1.355,4.6,0.369999999999994));
#1467=DIRECTION('',(-1.0,2.4093381610789E-16,0.0));
#1468=DIRECTION('',(0.0,0.0,1.0));
#1469=ORIENTED_EDGE('',*,*,#2077,.F.);
#1470=ORIENTED_EDGE('',*,*,#2317,.T.);
#1471=ORIENTED_EDGE('',*,*,#2318,.T.);
#1472=ORIENTED_EDGE('',*,*,#2319,.T.);
#1473=CARTESIAN_POINT('',(-1.35,8.16,0.409999999999959));
#1474=DIRECTION('',(-1.0,0.0,0.0));
#1475=DIRECTION('',(0.0,0.0,1.0));
#1476=ORIENTED_EDGE('',*,*,#2320,.F.);
#1477=ORIENTED_EDGE('',*,*,#2075,.T.);
#1478=ORIENTED_EDGE('',*,*,#2321,.F.);
#1479=ORIENTED_EDGE('',*,*,#2322,.F.);
#1480=CARTESIAN_POINT('',(-1.65,8.16,0.409999999999959));
#1481=DIRECTION('',(-1.0,0.0,0.0));
#1482=DIRECTION('',(0.0,0.0,1.0));
#1483=ORIENTED_EDGE('',*,*,#2076,.F.);
#1484=ORIENTED_EDGE('',*,*,#2320,.T.);
#1485=ORIENTED_EDGE('',*,*,#2323,.F.);
#1486=ORIENTED_EDGE('',*,*,#2317,.F.);
#1487=CARTESIAN_POINT('',(-1.35,8.06,1.08999999999996));
#1488=DIRECTION('',(0.0,1.93607530800983E-16,-1.0));
#1489=DIRECTION('',(-1.0,0.0,0.0));
#1490=ORIENTED_EDGE('',*,*,#2074,.F.);
#1491=ORIENTED_EDGE('',*,*,#2314,.T.);
#1492=ORIENTED_EDGE('',*,*,#2324,.T.);
#1493=ORIENTED_EDGE('',*,*,#2321,.T.);
#1494=CARTESIAN_POINT('',(-1.35,4.7,0.36999999999996));
#1495=DIRECTION('',(0.0,1.75437244738755E-17,1.0));
#1496=DIRECTION('',(0.0,-1.0,1.75437244738755E-17));
#1497=ORIENTED_EDGE('',*,*,#2325,.T.);
#1498=ORIENTED_EDGE('',*,*,#2316,.T.);
#1499=ORIENTED_EDGE('',*,*,#2078,.F.);
#1500=ORIENTED_EDGE('',*,*,#2319,.F.);
#1501=CARTESIAN_POINT('',(-1.35,4.7,0.36999999999996));
#1502=DIRECTION('',(0.0,1.75437244738755E-17,1.0));
#1503=DIRECTION('',(0.0,-1.0,1.75437244738755E-17));
#1504=ORIENTED_EDGE('',*,*,#2322,.T.);
#1505=ORIENTED_EDGE('',*,*,#2324,.F.);
#1506=ORIENTED_EDGE('',*,*,#2170,.F.);
#1507=ORIENTED_EDGE('',*,*,#2325,.F.);
#1508=ORIENTED_EDGE('',*,*,#2318,.F.);
#1509=ORIENTED_EDGE('',*,*,#2323,.T.);
#1510=CARTESIAN_POINT('',(-1.35,4.7,1.08999999999996));
#1511=DIRECTION('',(-0.0,1.0,0.0));
#1512=DIRECTION('',(1.0,0.0,0.0));
#1513=ORIENTED_EDGE('',*,*,#2326,.T.);
#1514=ORIENTED_EDGE('',*,*,#2163,.T.);
#1515=ORIENTED_EDGE('',*,*,#2327,.F.);
#1516=ORIENTED_EDGE('',*,*,#2328,.T.);
#1517=CARTESIAN_POINT('',(-1.35,8.16,0.409999999999959));
#1518=DIRECTION('',(1.0,-0.0,0.0));
#1519=DIRECTION('',(0.0,0.0,1.0));
#1520=ORIENTED_EDGE('',*,*,#2134,.F.);
#1521=ORIENTED_EDGE('',*,*,#2329,.T.);
#1522=ORIENTED_EDGE('',*,*,#2330,.T.);
#1523=ORIENTED_EDGE('',*,*,#2331,.T.);
#1524=ORIENTED_EDGE('',*,*,#2332,.T.);
#1525=ORIENTED_EDGE('',*,*,#2333,.T.);
#1526=ORIENTED_EDGE('',*,*,#2327,.T.);
#1527=ORIENTED_EDGE('',*,*,#2162,.T.);
#1528=CARTESIAN_POINT('',(-1.35,8.16,0.409999999999959));
#1529=DIRECTION('',(-1.0,0.0,0.0));
#1530=DIRECTION('',(0.0,0.0,1.0));
#1531=ORIENTED_EDGE('',*,*,#2334,.F.);
#1532=ORIENTED_EDGE('',*,*,#2132,.T.);
#1533=ORIENTED_EDGE('',*,*,#2164,.F.);
#1534=ORIENTED_EDGE('',*,*,#2326,.F.);
#1535=ORIENTED_EDGE('',*,*,#2335,.F.);
#1536=ORIENTED_EDGE('',*,*,#2336,.F.);
#1537=ORIENTED_EDGE('',*,*,#2337,.F.);
#1538=ORIENTED_EDGE('',*,*,#2338,.F.);
#1539=CARTESIAN_POINT('',(-1.65,8.16,0.409999999999959));
#1540=DIRECTION('',(-1.0,0.0,0.0));
#1541=DIRECTION('',(0.0,0.0,1.0));
#1542=ORIENTED_EDGE('',*,*,#2133,.F.);
#1543=ORIENTED_EDGE('',*,*,#2334,.T.);
#1544=ORIENTED_EDGE('',*,*,#2339,.F.);
#1545=ORIENTED_EDGE('',*,*,#2329,.F.);
#1546=CARTESIAN_POINT('',(-1.35,7.79,0.36999999999996));
#1547=DIRECTION('',(-0.0,1.0,0.0));
#1548=DIRECTION('',(1.0,0.0,0.0));
#1549=ORIENTED_EDGE('',*,*,#2338,.T.);
#1550=ORIENTED_EDGE('',*,*,#2340,.F.);
#1551=ORIENTED_EDGE('',*,*,#2330,.F.);
#1552=ORIENTED_EDGE('',*,*,#2339,.T.);
#1553=CARTESIAN_POINT('',(-1.35,7.79,-4.01345623401994E-14));
#1554=DIRECTION('',(0.0,0.0,1.0));
#1555=DIRECTION('',(1.0,0.0,0.0));
#1556=ORIENTED_EDGE('',*,*,#2337,.T.);
#1557=ORIENTED_EDGE('',*,*,#2341,.F.);
#1558=ORIENTED_EDGE('',*,*,#2331,.F.);
#1559=ORIENTED_EDGE('',*,*,#2340,.T.);
#1560=CARTESIAN_POINT('',(-1.35,8.41,-4.00790511889682E-14));
#1561=DIRECTION('',(0.0,-0.707106781186546,0.707106781186549));
#1562=DIRECTION('',(-1.0,0.0,0.0));
#1563=ORIENTED_EDGE('',*,*,#2336,.T.);
#1564=ORIENTED_EDGE('',*,*,#2342,.F.);
#1565=ORIENTED_EDGE('',*,*,#2332,.F.);
#1566=ORIENTED_EDGE('',*,*,#2341,.T.);
#1567=CARTESIAN_POINT('',(-1.35,8.49,0.0799999999999598));
#1568=DIRECTION('',(0.0,-1.0,0.0));
#1569=DIRECTION('',(0.0,0.0,-1.0));
#1570=ORIENTED_EDGE('',*,*,#2335,.T.);
#1571=ORIENTED_EDGE('',*,*,#2328,.F.);
#1572=ORIENTED_EDGE('',*,*,#2333,.F.);
#1573=ORIENTED_EDGE('',*,*,#2342,.T.);
#1574=CARTESIAN_POINT('',(-1.35,8.49,0.30999999999996));
#1575=DIRECTION('',(0.0,0.0,-1.0));
#1576=DIRECTION('',(0.0,-1.0,0.0));
#1577=ORIENTED_EDGE('',*,*,#2274,.T.);
#1578=ORIENTED_EDGE('',*,*,#2343,.F.);
#1579=ORIENTED_EDGE('',*,*,#2127,.F.);
#1580=ORIENTED_EDGE('',*,*,#2344,.F.);
#1581=ORIENTED_EDGE('',*,*,#2065,.T.);
#1582=CARTESIAN_POINT('',(-3.145,6.4,0.369999999999994));
#1583=DIRECTION('',(1.0,-2.4093381610789E-16,0.0));
#1584=DIRECTION('',(-2.4093381610789E-16,-1.0,0.0));
#1585=ORIENTED_EDGE('',*,*,#2282,.T.);
#1586=ORIENTED_EDGE('',*,*,#2345,.F.);
#1587=ORIENTED_EDGE('',*,*,#2128,.F.);
#1588=ORIENTED_EDGE('',*,*,#2343,.T.);
#1589=CARTESIAN_POINT('',(-3.145,4.6,0.369999999999994));
#1590=DIRECTION('',(-0.0,1.0,0.0));
#1591=DIRECTION('',(1.0,0.0,0.0));
#1592=ORIENTED_EDGE('',*,*,#2281,.T.);
#1593=ORIENTED_EDGE('',*,*,#2071,.F.);
#1594=ORIENTED_EDGE('',*,*,#2346,.F.);
#1595=ORIENTED_EDGE('',*,*,#2125,.F.);
#1596=ORIENTED_EDGE('',*,*,#2345,.T.);
#1597=CARTESIAN_POINT('',(-2.855,4.6,0.369999999999994));
#1598=DIRECTION('',(-1.0,2.4093381610789E-16,0.0));
#1599=DIRECTION('',(0.0,0.0,1.0));
#1600=ORIENTED_EDGE('',*,*,#2069,.F.);
#1601=ORIENTED_EDGE('',*,*,#2347,.T.);
#1602=ORIENTED_EDGE('',*,*,#2348,.T.);
#1603=ORIENTED_EDGE('',*,*,#2349,.T.);
#1604=CARTESIAN_POINT('',(-2.85,8.16,0.409999999999959));
#1605=DIRECTION('',(-1.0,0.0,0.0));
#1606=DIRECTION('',(0.0,0.0,1.0));
#1607=ORIENTED_EDGE('',*,*,#2350,.F.);
#1608=ORIENTED_EDGE('',*,*,#2067,.T.);
#1609=ORIENTED_EDGE('',*,*,#2351,.F.);
#1610=ORIENTED_EDGE('',*,*,#2352,.F.);
#1611=CARTESIAN_POINT('',(-3.15,8.16,0.409999999999959));
#1612=DIRECTION('',(-1.0,0.0,0.0));
#1613=DIRECTION('',(0.0,0.0,1.0));
#1614=ORIENTED_EDGE('',*,*,#2068,.F.);
#1615=ORIENTED_EDGE('',*,*,#2350,.T.);
#1616=ORIENTED_EDGE('',*,*,#2353,.F.);
#1617=ORIENTED_EDGE('',*,*,#2347,.F.);
#1618=CARTESIAN_POINT('',(-2.85,8.06,1.08999999999996));
#1619=DIRECTION('',(0.0,1.93607530800983E-16,-1.0));
#1620=DIRECTION('',(-1.0,0.0,0.0));
#1621=ORIENTED_EDGE('',*,*,#2066,.F.);
#1622=ORIENTED_EDGE('',*,*,#2344,.T.);
#1623=ORIENTED_EDGE('',*,*,#2354,.T.);
#1624=ORIENTED_EDGE('',*,*,#2351,.T.);
#1625=CARTESIAN_POINT('',(-2.85,4.7,0.36999999999996));
#1626=DIRECTION('',(0.0,1.75437244738755E-17,1.0));
#1627=DIRECTION('',(0.0,-1.0,1.75437244738755E-17));
#1628=ORIENTED_EDGE('',*,*,#2355,.T.);
#1629=ORIENTED_EDGE('',*,*,#2346,.T.);
#1630=ORIENTED_EDGE('',*,*,#2070,.F.);
#1631=ORIENTED_EDGE('',*,*,#2349,.F.);
#1632=CARTESIAN_POINT('',(-2.85,4.7,0.36999999999996));
#1633=DIRECTION('',(0.0,1.75437244738755E-17,1.0));
#1634=DIRECTION('',(0.0,-1.0,1.75437244738755E-17));
#1635=ORIENTED_EDGE('',*,*,#2352,.T.);
#1636=ORIENTED_EDGE('',*,*,#2354,.F.);
#1637=ORIENTED_EDGE('',*,*,#2126,.F.);
#1638=ORIENTED_EDGE('',*,*,#2355,.F.);
#1639=ORIENTED_EDGE('',*,*,#2348,.F.);
#1640=ORIENTED_EDGE('',*,*,#2353,.T.);
#1641=CARTESIAN_POINT('',(-2.85,4.7,1.08999999999996));
#1642=DIRECTION('',(-0.0,1.0,0.0));
#1643=DIRECTION('',(1.0,0.0,0.0));
#1644=ORIENTED_EDGE('',*,*,#2356,.T.);
#1645=ORIENTED_EDGE('',*,*,#2154,.T.);
#1646=ORIENTED_EDGE('',*,*,#2357,.F.);
#1647=ORIENTED_EDGE('',*,*,#2358,.T.);
#1648=CARTESIAN_POINT('',(-2.85,8.16,0.409999999999959));
#1649=DIRECTION('',(1.0,-0.0,0.0));
#1650=DIRECTION('',(0.0,0.0,1.0));
#1651=ORIENTED_EDGE('',*,*,#2130,.F.);
#1652=ORIENTED_EDGE('',*,*,#2359,.T.);
#1653=ORIENTED_EDGE('',*,*,#2360,.T.);
#1654=ORIENTED_EDGE('',*,*,#2361,.T.);
#1655=ORIENTED_EDGE('',*,*,#2362,.T.);
#1656=ORIENTED_EDGE('',*,*,#2363,.T.);
#1657=ORIENTED_EDGE('',*,*,#2357,.T.);
#1658=ORIENTED_EDGE('',*,*,#2153,.T.);
#1659=CARTESIAN_POINT('',(-2.85,8.16,0.409999999999959));
#1660=DIRECTION('',(-1.0,0.0,0.0));
#1661=DIRECTION('',(0.0,0.0,1.0));
#1662=ORIENTED_EDGE('',*,*,#2364,.F.);
#1663=ORIENTED_EDGE('',*,*,#2152,.T.);
#1664=ORIENTED_EDGE('',*,*,#2155,.F.);
#1665=ORIENTED_EDGE('',*,*,#2356,.F.);
#1666=ORIENTED_EDGE('',*,*,#2365,.F.);
#1667=ORIENTED_EDGE('',*,*,#2366,.F.);
#1668=ORIENTED_EDGE('',*,*,#2367,.F.);
#1669=ORIENTED_EDGE('',*,*,#2368,.F.);
#1670=CARTESIAN_POINT('',(-3.15,8.16,0.409999999999959));
#1671=DIRECTION('',(-1.0,0.0,0.0));
#1672=DIRECTION('',(0.0,0.0,1.0));
#1673=ORIENTED_EDGE('',*,*,#2129,.F.);
#1674=ORIENTED_EDGE('',*,*,#2364,.T.);
#1675=ORIENTED_EDGE('',*,*,#2369,.F.);
#1676=ORIENTED_EDGE('',*,*,#2359,.F.);
#1677=CARTESIAN_POINT('',(-2.85,7.79,0.36999999999996));
#1678=DIRECTION('',(-0.0,1.0,0.0));
#1679=DIRECTION('',(1.0,0.0,0.0));
#1680=ORIENTED_EDGE('',*,*,#2368,.T.);
#1681=ORIENTED_EDGE('',*,*,#2370,.F.);
#1682=ORIENTED_EDGE('',*,*,#2360,.F.);
#1683=ORIENTED_EDGE('',*,*,#2369,.T.);
#1684=CARTESIAN_POINT('',(-2.85,7.79,-4.01345623401994E-14));
#1685=DIRECTION('',(0.0,0.0,1.0));
#1686=DIRECTION('',(1.0,0.0,0.0));
#1687=ORIENTED_EDGE('',*,*,#2367,.T.);
#1688=ORIENTED_EDGE('',*,*,#2371,.F.);
#1689=ORIENTED_EDGE('',*,*,#2361,.F.);
#1690=ORIENTED_EDGE('',*,*,#2370,.T.);
#1691=CARTESIAN_POINT('',(-2.85,8.41,-4.00790511889682E-14));
#1692=DIRECTION('',(0.0,-0.707106781186546,0.707106781186549));
#1693=DIRECTION('',(-1.0,0.0,0.0));
#1694=ORIENTED_EDGE('',*,*,#2366,.T.);
#1695=ORIENTED_EDGE('',*,*,#2372,.F.);
#1696=ORIENTED_EDGE('',*,*,#2362,.F.);
#1697=ORIENTED_EDGE('',*,*,#2371,.T.);
#1698=CARTESIAN_POINT('',(-2.85,8.49,0.0799999999999598));
#1699=DIRECTION('',(0.0,-1.0,0.0));
#1700=DIRECTION('',(0.0,0.0,-1.0));
#1701=ORIENTED_EDGE('',*,*,#2365,.T.);
#1702=ORIENTED_EDGE('',*,*,#2358,.F.);
#1703=ORIENTED_EDGE('',*,*,#2363,.F.);
#1704=ORIENTED_EDGE('',*,*,#2372,.T.);
#1705=CARTESIAN_POINT('',(-2.85,8.49,0.30999999999996));
#1706=DIRECTION('',(0.0,0.0,-1.0));
#1707=DIRECTION('',(0.0,-1.0,0.0));
#1708=ORIENTED_EDGE('',*,*,#2373,.F.);
#1709=ORIENTED_EDGE('',*,*,#2374,.F.);
#1710=ORIENTED_EDGE('',*,*,#2375,.F.);
#1711=ORIENTED_EDGE('',*,*,#2376,.T.);
#1712=CARTESIAN_POINT('',(2.325,2.2,-4.16333634234434E-16));
#1713=DIRECTION('',(-3.96508223080414E-16,0.0,1.0));
#1714=DIRECTION('',(1.0,-0.0,3.96508223080414E-16));
#1715=ORIENTED_EDGE('',*,*,#2377,.F.);
#1716=ORIENTED_EDGE('',*,*,#2378,.F.);
#1717=ORIENTED_EDGE('',*,*,#2379,.F.);
#1718=ORIENTED_EDGE('',*,*,#2374,.T.);
#1719=CARTESIAN_POINT('',(3.025,2.2,0.0));
#1720=DIRECTION('',(-1.0,0.0,2.89120579329468E-15));
#1721=DIRECTION('',(0.0,1.0,0.0));
#1722=ORIENTED_EDGE('',*,*,#2378,.T.);
#1723=ORIENTED_EDGE('',*,*,#2380,.T.);
#1724=ORIENTED_EDGE('',*,*,#2381,.F.);
#1725=ORIENTED_EDGE('',*,*,#2382,.F.);
#1726=CARTESIAN_POINT('',(3.025,2.2,0.15));
#1727=DIRECTION('',(3.87215061601966E-16,0.0,-1.0));
#1728=DIRECTION('',(0.0,-1.0,0.0));
#1729=ORIENTED_EDGE('',*,*,#2122,.F.);
#1730=ORIENTED_EDGE('',*,*,#2383,.T.);
#1731=ORIENTED_EDGE('',*,*,#2375,.T.);
#1732=ORIENTED_EDGE('',*,*,#2379,.T.);
#1733=ORIENTED_EDGE('',*,*,#2382,.T.);
#1734=ORIENTED_EDGE('',*,*,#2384,.T.);
#1735=CARTESIAN_POINT('',(2.325,2.2,0.249999999999999));
#1736=DIRECTION('',(-0.0,1.0,0.0));
#1737=DIRECTION('',(1.0,0.0,0.0));
#1738=ORIENTED_EDGE('',*,*,#2124,.F.);
#1739=ORIENTED_EDGE('',*,*,#2385,.F.);
#1740=ORIENTED_EDGE('',*,*,#2380,.F.);
#1741=ORIENTED_EDGE('',*,*,#2377,.T.);
#1742=ORIENTED_EDGE('',*,*,#2373,.T.);
#1743=ORIENTED_EDGE('',*,*,#2386,.F.);
#1744=CARTESIAN_POINT('',(11.48,3.7,-2.22044604925031E-16));
#1745=DIRECTION('',(0.0,-1.0,1.3141844514976E-15));
#1746=DIRECTION('',(-1.0,0.0,0.0));
#1747=ORIENTED_EDGE('',*,*,#2121,.F.);
#1748=ORIENTED_EDGE('',*,*,#2386,.T.);
#1749=ORIENTED_EDGE('',*,*,#2376,.F.);
#1750=ORIENTED_EDGE('',*,*,#2383,.F.);
#1751=CARTESIAN_POINT('',(2.325,2.2,0.249999999999999));
#1752=DIRECTION('',(0.0,-1.0,0.0));
#1753=DIRECTION('',(0.0,0.0,1.0));
#1754=ORIENTED_EDGE('',*,*,#2123,.F.);
#1755=ORIENTED_EDGE('',*,*,#2384,.F.);
#1756=ORIENTED_EDGE('',*,*,#2381,.T.);
#1757=ORIENTED_EDGE('',*,*,#2385,.T.);
#1758=CARTESIAN_POINT('',(2.325,2.2,0.249999999999999));
#1759=DIRECTION('',(0.0,-1.0,0.0));
#1760=DIRECTION('',(0.0,0.0,1.0));
#1761=ORIENTED_EDGE('',*,*,#2184,.F.);
#1762=ORIENTED_EDGE('',*,*,#2387,.T.);
#1763=ORIENTED_EDGE('',*,*,#2388,.T.);
#1764=ORIENTED_EDGE('',*,*,#2389,.T.);
#1765=ORIENTED_EDGE('',*,*,#2390,.T.);
#1766=ORIENTED_EDGE('',*,*,#2391,.T.);
#1767=ORIENTED_EDGE('',*,*,#2392,.T.);
#1768=ORIENTED_EDGE('',*,*,#2393,.T.);
#1769=CARTESIAN_POINT('',(2.325,2.2,0.249999999999999));
#1770=DIRECTION('',(-0.0,1.0,0.0));
#1771=DIRECTION('',(1.0,0.0,0.0));
#1772=ORIENTED_EDGE('',*,*,#2091,.T.);
#1773=ORIENTED_EDGE('',*,*,#2177,.T.);
#1774=ORIENTED_EDGE('',*,*,#2393,.F.);
#1775=ORIENTED_EDGE('',*,*,#2394,.T.);
#1776=ORIENTED_EDGE('',*,*,#2395,.T.);
#1777=ORIENTED_EDGE('',*,*,#2396,.T.);
#1778=ORIENTED_EDGE('',*,*,#2397,.T.);
#1779=ORIENTED_EDGE('',*,*,#2398,.T.);
#1780=ORIENTED_EDGE('',*,*,#2229,.T.);
#1781=CARTESIAN_POINT('',(2.075,7.7,1.75));
#1782=DIRECTION('',(-1.0,0.0,0.0));
#1783=DIRECTION('',(0.0,0.0,1.0));
#1784=ORIENTED_EDGE('',*,*,#2387,.F.);
#1785=ORIENTED_EDGE('',*,*,#2183,.T.);
#1786=ORIENTED_EDGE('',*,*,#2165,.T.);
#1787=ORIENTED_EDGE('',*,*,#2231,.T.);
#1788=ORIENTED_EDGE('',*,*,#2399,.F.);
#1789=ORIENTED_EDGE('',*,*,#2400,.F.);
#1790=ORIENTED_EDGE('',*,*,#2401,.F.);
#1791=ORIENTED_EDGE('',*,*,#2402,.F.);
#1792=ORIENTED_EDGE('',*,*,#2403,.F.);
#1793=CARTESIAN_POINT('',(2.225,7.7,0.33));
#1794=DIRECTION('',(1.0,0.0,6.10818125343946E-16));
#1795=DIRECTION('',(-6.10818125343946E-16,0.0,1.0));
#1796=ORIENTED_EDGE('',*,*,#2404,.F.);
#1797=ORIENTED_EDGE('',*,*,#2405,.F.);
#1798=ORIENTED_EDGE('',*,*,#2406,.F.);
#1799=ORIENTED_EDGE('',*,*,#2407,.F.);
#1800=ORIENTED_EDGE('',*,*,#2408,.F.);
#1801=ORIENTED_EDGE('',*,*,#2409,.F.);
#1802=CARTESIAN_POINT('',(2.325,4.7,0.249999999999999));
#1803=DIRECTION('',(-0.0,1.0,0.0));
#1804=DIRECTION('',(1.0,0.0,0.0));
#1805=ORIENTED_EDGE('',*,*,#2405,.T.);
#1806=ORIENTED_EDGE('',*,*,#2410,.F.);
#1807=ORIENTED_EDGE('',*,*,#2388,.F.);
#1808=ORIENTED_EDGE('',*,*,#2403,.T.);
#1809=CARTESIAN_POINT('',(2.025,2.2,1.47));
#1810=DIRECTION('',(0.0,-1.0,0.0));
#1811=DIRECTION('',(0.0,0.0,1.0));
#1812=ORIENTED_EDGE('',*,*,#2404,.T.);
#1813=ORIENTED_EDGE('',*,*,#2411,.F.);
#1814=ORIENTED_EDGE('',*,*,#2389,.F.);
#1815=ORIENTED_EDGE('',*,*,#2410,.T.);
#1816=CARTESIAN_POINT('',(2.025,2.2,1.67));
#1817=DIRECTION('',(5.42101086242752E-16,0.0,-1.0));
#1818=DIRECTION('',(0.0,-1.0,0.0));
#1819=ORIENTED_EDGE('',*,*,#2409,.T.);
#1820=ORIENTED_EDGE('',*,*,#2412,.F.);
#1821=ORIENTED_EDGE('',*,*,#2390,.F.);
#1822=ORIENTED_EDGE('',*,*,#2411,.T.);
#1823=CARTESIAN_POINT('',(1.225,2.2,1.67));
#1824=DIRECTION('',(1.0,0.0,-1.44560289664734E-15));
#1825=DIRECTION('',(-1.44560289664734E-15,0.0,-1.0));
#1826=ORIENTED_EDGE('',*,*,#2408,.T.);
#1827=ORIENTED_EDGE('',*,*,#2413,.F.);
#1828=ORIENTED_EDGE('',*,*,#2391,.F.);
#1829=ORIENTED_EDGE('',*,*,#2412,.T.);
#1830=CARTESIAN_POINT('',(1.225,2.2,1.52));
#1831=DIRECTION('',(-5.42101086242752E-16,0.0,1.0));
#1832=DIRECTION('',(1.0,-0.0,5.42101086242752E-16));
#1833=ORIENTED_EDGE('',*,*,#2407,.T.);
#1834=ORIENTED_EDGE('',*,*,#2394,.F.);
#1835=ORIENTED_EDGE('',*,*,#2392,.F.);
#1836=ORIENTED_EDGE('',*,*,#2413,.T.);
#1837=CARTESIAN_POINT('',(2.025,2.2,1.47));
#1838=DIRECTION('',(0.0,-1.0,0.0));
#1839=DIRECTION('',(0.0,0.0,1.0));
#1840=ORIENTED_EDGE('',*,*,#2406,.T.);
#1841=ORIENTED_EDGE('',*,*,#2402,.T.);
#1842=ORIENTED_EDGE('',*,*,#2414,.T.);
#1843=ORIENTED_EDGE('',*,*,#2395,.F.);
#1844=CARTESIAN_POINT('',(0.740000000000018,4.75,1.47));
#1845=DIRECTION('',(-1.0,0.0,-0.0));
#1846=DIRECTION('',(0.0,0.0,-1.0));
#1847=ORIENTED_EDGE('',*,*,#2414,.F.);
#1848=ORIENTED_EDGE('',*,*,#2401,.T.);
#1849=ORIENTED_EDGE('',*,*,#2415,.T.);
#1850=ORIENTED_EDGE('',*,*,#2396,.F.);
#1851=CARTESIAN_POINT('',(0.740000000000019,4.75,1.42));
#1852=DIRECTION('',(0.0,-4.33680868994197E-15,-1.0));
#1853=DIRECTION('',(0.0,-1.0,4.33680868994197E-15));
#1854=ORIENTED_EDGE('',*,*,#2415,.F.);
#1855=ORIENTED_EDGE('',*,*,#2400,.T.);
#1856=ORIENTED_EDGE('',*,*,#2416,.T.);
#1857=ORIENTED_EDGE('',*,*,#2397,.F.);
#1858=CARTESIAN_POINT('',(0.740000000000018,4.8,1.52));
#1859=DIRECTION('',(-1.0,0.0,-0.0));
#1860=DIRECTION('',(0.0,0.0,-1.0));
#1861=ORIENTED_EDGE('',*,*,#2230,.F.);
#1862=ORIENTED_EDGE('',*,*,#2398,.F.);
#1863=ORIENTED_EDGE('',*,*,#2416,.F.);
#1864=ORIENTED_EDGE('',*,*,#2399,.T.);
#1865=CARTESIAN_POINT('',(0.740000000000017,4.9,1.52));
#1866=DIRECTION('',(0.0,1.0,3.77113799125386E-15));
#1867=DIRECTION('',(0.0,3.77113799125386E-15,-1.0));
#1868=ORIENTED_EDGE('',*,*,#2417,.T.);
#1869=ORIENTED_EDGE('',*,*,#2418,.F.);
#1870=ORIENTED_EDGE('',*,*,#2419,.F.);
#1871=ORIENTED_EDGE('',*,*,#2420,.T.);
#1872=CARTESIAN_POINT('',(-6.025,2.2,0.15));
#1873=DIRECTION('',(3.87215061601966E-16,0.0,1.0));
#1874=DIRECTION('',(1.0,0.0,-3.87215061601966E-16));
#1875=ORIENTED_EDGE('',*,*,#2419,.T.);
#1876=ORIENTED_EDGE('',*,*,#2421,.T.);
#1877=ORIENTED_EDGE('',*,*,#2422,.F.);
#1878=ORIENTED_EDGE('',*,*,#2423,.T.);
#1879=CARTESIAN_POINT('',(-6.025,2.2,0.0));
#1880=DIRECTION('',(-1.0,0.0,-5.78241158658936E-15));
#1881=DIRECTION('',(-5.78241158658936E-15,0.0,1.0));
#1882=ORIENTED_EDGE('',*,*,#2422,.T.);
#1883=ORIENTED_EDGE('',*,*,#2424,.T.);
#1884=ORIENTED_EDGE('',*,*,#2425,.F.);
#1885=ORIENTED_EDGE('',*,*,#2426,.T.);
#1886=CARTESIAN_POINT('',(-5.325,2.2,-4.16333634234434E-16));
#1887=DIRECTION('',(-3.96508223080414E-16,0.0,-1.0));
#1888=DIRECTION('',(-1.0,0.0,3.96508223080414E-16));
#1889=ORIENTED_EDGE('',*,*,#2427,.F.);
#1890=ORIENTED_EDGE('',*,*,#2269,.T.);
#1891=ORIENTED_EDGE('',*,*,#2428,.F.);
#1892=ORIENTED_EDGE('',*,*,#2420,.F.);
#1893=ORIENTED_EDGE('',*,*,#2423,.F.);
#1894=ORIENTED_EDGE('',*,*,#2426,.F.);
#1895=CARTESIAN_POINT('',(-5.325,2.2,0.249999999999999));
#1896=DIRECTION('',(0.0,-1.0,0.0));
#1897=DIRECTION('',(0.0,0.0,-1.0));
#1898=ORIENTED_EDGE('',*,*,#2429,.T.);
#1899=ORIENTED_EDGE('',*,*,#2271,.T.);
#1900=ORIENTED_EDGE('',*,*,#2430,.T.);
#1901=ORIENTED_EDGE('',*,*,#2424,.F.);
#1902=ORIENTED_EDGE('',*,*,#2421,.F.);
#1903=ORIENTED_EDGE('',*,*,#2418,.T.);
#1904=CARTESIAN_POINT('',(-14.48,3.7,-2.22044604925031E-16));
#1905=DIRECTION('',(0.0,1.0,-1.3141844514976E-15));
#1906=DIRECTION('',(0.0,-1.3141844514976E-15,-1.0));
#1907=ORIENTED_EDGE('',*,*,#2430,.F.);
#1908=ORIENTED_EDGE('',*,*,#2270,.T.);
#1909=ORIENTED_EDGE('',*,*,#2427,.T.);
#1910=ORIENTED_EDGE('',*,*,#2425,.T.);
#1911=CARTESIAN_POINT('',(-5.325,2.2,0.249999999999999));
#1912=DIRECTION('',(0.0,-1.0,0.0));
#1913=DIRECTION('',(0.0,0.0,1.0));
#1914=ORIENTED_EDGE('',*,*,#2428,.T.);
#1915=ORIENTED_EDGE('',*,*,#2272,.T.);
#1916=ORIENTED_EDGE('',*,*,#2429,.F.);
#1917=ORIENTED_EDGE('',*,*,#2417,.F.);
#1918=CARTESIAN_POINT('',(-5.325,2.2,0.249999999999999));
#1919=DIRECTION('',(0.0,-1.0,0.0));
#1920=DIRECTION('',(0.0,0.0,1.0));
#1921=ORIENTED_EDGE('',*,*,#2431,.F.);
#1922=ORIENTED_EDGE('',*,*,#2108,.T.);
#1923=ORIENTED_EDGE('',*,*,#2432,.F.);
#1924=ORIENTED_EDGE('',*,*,#2433,.F.);
#1925=ORIENTED_EDGE('',*,*,#2434,.F.);
#1926=ORIENTED_EDGE('',*,*,#2435,.F.);
#1927=ORIENTED_EDGE('',*,*,#2436,.F.);
#1928=ORIENTED_EDGE('',*,*,#2437,.F.);
#1929=CARTESIAN_POINT('',(-5.325,2.2,0.249999999999999));
#1930=DIRECTION('',(0.0,-1.0,0.0));
#1931=DIRECTION('',(0.0,0.0,-1.0));
#1932=ORIENTED_EDGE('',*,*,#2100,.F.);
#1933=ORIENTED_EDGE('',*,*,#2057,.F.);
#1934=ORIENTED_EDGE('',*,*,#2109,.F.);
#1935=ORIENTED_EDGE('',*,*,#2431,.T.);
#1936=ORIENTED_EDGE('',*,*,#2438,.T.);
#1937=ORIENTED_EDGE('',*,*,#2439,.T.);
#1938=ORIENTED_EDGE('',*,*,#2440,.T.);
#1939=ORIENTED_EDGE('',*,*,#2441,.T.);
#1940=ORIENTED_EDGE('',*,*,#2442,.T.);
#1941=CARTESIAN_POINT('',(-5.225,7.7,0.33));
#1942=DIRECTION('',(1.0,0.0,-6.10818125343946E-16));
#1943=DIRECTION('',(-6.10818125343946E-16,0.0,-1.0));
#1944=ORIENTED_EDGE('',*,*,#2102,.F.);
#1945=ORIENTED_EDGE('',*,*,#2443,.F.);
#1946=ORIENTED_EDGE('',*,*,#2444,.F.);
#1947=ORIENTED_EDGE('',*,*,#2445,.F.);
#1948=ORIENTED_EDGE('',*,*,#2446,.F.);
#1949=ORIENTED_EDGE('',*,*,#2447,.F.);
#1950=ORIENTED_EDGE('',*,*,#2432,.T.);
#1951=ORIENTED_EDGE('',*,*,#2115,.F.);
#1952=ORIENTED_EDGE('',*,*,#2061,.F.);
#1953=CARTESIAN_POINT('',(-5.075,7.7,1.75));
#1954=DIRECTION('',(-1.0,0.0,0.0));
#1955=DIRECTION('',(0.0,0.0,1.0));
#1956=ORIENTED_EDGE('',*,*,#2448,.T.);
#1957=ORIENTED_EDGE('',*,*,#2449,.T.);
#1958=ORIENTED_EDGE('',*,*,#2450,.T.);
#1959=ORIENTED_EDGE('',*,*,#2451,.T.);
#1960=ORIENTED_EDGE('',*,*,#2452,.T.);
#1961=ORIENTED_EDGE('',*,*,#2453,.T.);
#1962=CARTESIAN_POINT('',(-5.325,4.7,0.249999999999999));
#1963=DIRECTION('',(0.0,-1.0,0.0));
#1964=DIRECTION('',(0.0,0.0,-1.0));
#1965=ORIENTED_EDGE('',*,*,#2450,.F.);
#1966=ORIENTED_EDGE('',*,*,#2438,.F.);
#1967=ORIENTED_EDGE('',*,*,#2437,.T.);
#1968=ORIENTED_EDGE('',*,*,#2454,.T.);
#1969=CARTESIAN_POINT('',(-5.025,2.2,1.47));
#1970=DIRECTION('',(0.0,-1.0,0.0));
#1971=DIRECTION('',(0.0,0.0,1.0));
#1972=ORIENTED_EDGE('',*,*,#2451,.F.);
#1973=ORIENTED_EDGE('',*,*,#2454,.F.);
#1974=ORIENTED_EDGE('',*,*,#2436,.T.);
#1975=ORIENTED_EDGE('',*,*,#2455,.T.);
#1976=CARTESIAN_POINT('',(-5.025,2.2,1.67));
#1977=DIRECTION('',(5.42101086242752E-16,0.0,1.0));
#1978=DIRECTION('',(1.0,0.0,-5.42101086242752E-16));
#1979=ORIENTED_EDGE('',*,*,#2452,.F.);
#1980=ORIENTED_EDGE('',*,*,#2455,.F.);
#1981=ORIENTED_EDGE('',*,*,#2435,.T.);
#1982=ORIENTED_EDGE('',*,*,#2456,.T.);
#1983=CARTESIAN_POINT('',(-4.225,2.2,1.67));
#1984=DIRECTION('',(1.0,0.0,0.0));
#1985=DIRECTION('',(0.0,1.0,0.0));
#1986=ORIENTED_EDGE('',*,*,#2453,.F.);
#1987=ORIENTED_EDGE('',*,*,#2456,.F.);
#1988=ORIENTED_EDGE('',*,*,#2434,.T.);
#1989=ORIENTED_EDGE('',*,*,#2457,.T.);
#1990=CARTESIAN_POINT('',(-4.225,2.2,1.52));
#1991=DIRECTION('',(-5.42101086242752E-16,0.0,-1.0));
#1992=DIRECTION('',(-1.0,0.0,5.42101086242752E-16));
#1993=ORIENTED_EDGE('',*,*,#2448,.F.);
#1994=ORIENTED_EDGE('',*,*,#2457,.F.);
#1995=ORIENTED_EDGE('',*,*,#2433,.T.);
#1996=ORIENTED_EDGE('',*,*,#2447,.T.);
#1997=CARTESIAN_POINT('',(-5.025,2.2,1.47));
#1998=DIRECTION('',(0.0,-1.0,0.0));
#1999=DIRECTION('',(0.0,0.0,1.0));
#2000=ORIENTED_EDGE('',*,*,#2458,.F.);
#2001=ORIENTED_EDGE('',*,*,#2439,.F.);
#2002=ORIENTED_EDGE('',*,*,#2449,.F.);
#2003=ORIENTED_EDGE('',*,*,#2446,.T.);
#2004=CARTESIAN_POINT('',(-3.74000000000001,4.75,1.47));
#2005=DIRECTION('',(1.0,-0.0,0.0));
#2006=DIRECTION('',(0.0,0.0,1.0));
#2007=ORIENTED_EDGE('',*,*,#2459,.F.);
#2008=ORIENTED_EDGE('',*,*,#2440,.F.);
#2009=ORIENTED_EDGE('',*,*,#2458,.T.);
#2010=ORIENTED_EDGE('',*,*,#2445,.T.);
#2011=CARTESIAN_POINT('',(-3.74000000000001,4.75,1.42));
#2012=DIRECTION('',(0.0,4.33680868994197E-15,1.0));
#2013=DIRECTION('',(0.0,-1.0,4.33680868994197E-15));
#2014=ORIENTED_EDGE('',*,*,#2460,.F.);
#2015=ORIENTED_EDGE('',*,*,#2441,.F.);
#2016=ORIENTED_EDGE('',*,*,#2459,.T.);
#2017=ORIENTED_EDGE('',*,*,#2444,.T.);
#2018=CARTESIAN_POINT('',(-3.74000000000001,4.8,1.52));
#2019=DIRECTION('',(1.0,-0.0,0.0));
#2020=DIRECTION('',(0.0,0.0,1.0));
#2021=ORIENTED_EDGE('',*,*,#2443,.T.);
#2022=ORIENTED_EDGE('',*,*,#2101,.T.);
#2023=ORIENTED_EDGE('',*,*,#2442,.F.);
#2024=ORIENTED_EDGE('',*,*,#2460,.T.);
#2025=CARTESIAN_POINT('',(-3.74000000000001,4.9,1.52));
#2026=DIRECTION('',(0.0,-1.0,-3.77113799125386E-15));
#2027=DIRECTION('',(0.0,3.77113799125386E-15,-1.0));
#2028=ORIENTED_EDGE('',*,*,#2238,.T.);
#2029=ORIENTED_EDGE('',*,*,#2461,.T.);
#2030=ORIENTED_EDGE('',*,*,#2462,.T.);
#2031=ORIENTED_EDGE('',*,*,#2463,.F.);
#2032=CARTESIAN_POINT('',(-3.305,4.91,1.99));
#2033=DIRECTION('',(-0.894427190999916,-0.447213595499957,0.0));
#2034=DIRECTION('',(-0.447213595499957,0.894427190999916,0.0));
#2035=ORIENTED_EDGE('',*,*,#2240,.T.);
#2036=ORIENTED_EDGE('',*,*,#2464,.T.);
#2037=ORIENTED_EDGE('',*,*,#2465,.T.);
#2038=ORIENTED_EDGE('',*,*,#2461,.F.);
#2039=CARTESIAN_POINT('',(-3.055,4.41,1.99));
#2040=DIRECTION('',(0.894427190999916,-0.447213595499958,0.0));
#2041=DIRECTION('',(0.0,0.0,-1.0));
#2042=ORIENTED_EDGE('',*,*,#2239,.T.);
#2043=ORIENTED_EDGE('',*,*,#2463,.T.);
#2044=ORIENTED_EDGE('',*,*,#2466,.T.);
#2045=ORIENTED_EDGE('',*,*,#2464,.F.);
#2046=CARTESIAN_POINT('',(-2.805,4.91,1.99));
#2047=DIRECTION('',(-0.0,1.0,0.0));
#2048=DIRECTION('',(1.0,0.0,0.0));
#2049=ORIENTED_EDGE('',*,*,#2462,.F.);
#2050=ORIENTED_EDGE('',*,*,#2465,.F.);
#2051=ORIENTED_EDGE('',*,*,#2466,.F.);
#2052=CARTESIAN_POINT('',(0.0,0.0,1.99));
#2053=DIRECTION('',(0.0,0.0,-1.0));
#2054=DIRECTION('',(0.0,-1.0,0.0));
#2055=COLOUR_RGB('',0.596063196659088,0.666666686534882,0.686259269714355);
#2056=EDGE_CURVE('',#2467,#2468,#2469,.T.);
#2057=EDGE_CURVE('',#2468,#2470,#2471,.T.);
#2058=EDGE_CURVE('',#2472,#2470,#2473,.T.);
#2059=EDGE_CURVE('',#2472,#2467,#2474,.T.);
#2060=EDGE_CURVE('',#2475,#2476,#2477,.T.);
#2061=EDGE_CURVE('',#2475,#2478,#2479,.T.);
#2062=EDGE_CURVE('',#2478,#2480,#2481,.T.);
#2063=EDGE_CURVE('',#2482,#2480,#2483,.T.);
#2064=EDGE_CURVE('',#2484,#2482,#2485,.T.);
#2065=EDGE_CURVE('',#2486,#2484,#2487,.T.);
#2066=EDGE_CURVE('',#2486,#2488,#2489,.T.);
#2067=EDGE_CURVE('',#2490,#2488,#2491,.T.);
#2068=EDGE_CURVE('',#2490,#2492,#2493,.T.);
#2069=EDGE_CURVE('',#2492,#2494,#2495,.T.);
#2070=EDGE_CURVE('',#2494,#2496,#2497,.T.);
#2071=EDGE_CURVE('',#2496,#2498,#2499,.T.);
#2072=EDGE_CURVE('',#2500,#2498,#2501,.T.);
#2073=EDGE_CURVE('',#2502,#2500,#2503,.T.);
#2074=EDGE_CURVE('',#2502,#2504,#2505,.T.);
#2075=EDGE_CURVE('',#2506,#2504,#2507,.T.);
#2076=EDGE_CURVE('',#2506,#2508,#2509,.T.);
#2077=EDGE_CURVE('',#2508,#2510,#2511,.T.);
#2078=EDGE_CURVE('',#2510,#2512,#2513,.T.);
#2079=EDGE_CURVE('',#2512,#2514,#2515,.T.);
#2080=EDGE_CURVE('',#2516,#2514,#2517,.T.);
#2081=EDGE_CURVE('',#2518,#2516,#2519,.T.);
#2082=EDGE_CURVE('',#2518,#2520,#2521,.T.);
#2083=EDGE_CURVE('',#2522,#2520,#2523,.T.);
#2084=EDGE_CURVE('',#2522,#2524,#2525,.T.);
#2085=EDGE_CURVE('',#2524,#2526,#2527,.T.);
#2086=EDGE_CURVE('',#2526,#2528,#2529,.T.);
#2087=EDGE_CURVE('',#2528,#2530,#2531,.T.);
#2088=EDGE_CURVE('',#2532,#2530,#2533,.T.);
#2089=EDGE_CURVE('',#2534,#2532,#2535,.T.);
#2090=EDGE_CURVE('',#2534,#2536,#2537,.T.);
#2091=EDGE_CURVE('',#2538,#2536,#2539,.T.);
#2092=EDGE_CURVE('',#2540,#2538,#2541,.T.);
#2093=EDGE_CURVE('',#2542,#2540,#2543,.T.);
#2094=EDGE_CURVE('',#2544,#2542,#2545,.T.);
#2095=EDGE_CURVE('',#2546,#2544,#2547,.T.);
#2096=EDGE_CURVE('',#2546,#2548,#2549,.T.);
#2097=EDGE_CURVE('',#2550,#2548,#2551,.T.);
#2098=EDGE_CURVE('',#2552,#2550,#2553,.T.);
#2099=EDGE_CURVE('',#2476,#2552,#2554,.T.);
#2100=EDGE_CURVE('',#2470,#2555,#2556,.T.);
#2101=EDGE_CURVE('',#2557,#2555,#2558,.T.);
#2102=EDGE_CURVE('',#2557,#2475,#2559,.T.);
#2103=EDGE_CURVE('',#2560,#2476,#2561,.T.);
#2104=EDGE_CURVE('',#2562,#2560,#2563,.T.);
#2105=EDGE_CURVE('',#2562,#2564,#2565,.T.);
#2106=EDGE_CURVE('',#2564,#2566,#2567,.T.);
#2107=EDGE_CURVE('',#2566,#2472,#2568,.T.);
#2108=EDGE_CURVE('',#2569,#2570,#2571,.T.);
#2109=EDGE_CURVE('',#2569,#2468,#2572,.T.);
#2110=EDGE_CURVE('',#2467,#2573,#2574,.T.);
#2111=EDGE_CURVE('',#2575,#2573,#2576,.T.);
#2112=EDGE_CURVE('',#2577,#2575,#2578,.T.);
#2113=EDGE_CURVE('',#2579,#2577,#2580,.T.);
#2114=EDGE_CURVE('',#2480,#2579,#2581,.T.);
#2115=EDGE_CURVE('',#2478,#2570,#2582,.T.);
#2116=EDGE_CURVE('',#2583,#2584,#2585,.T.);
#2117=EDGE_CURVE('',#2584,#2586,#2587,.T.);
#2118=EDGE_CURVE('',#2588,#2586,#2589,.T.);
#2119=EDGE_CURVE('',#2590,#2588,#2591,.T.);
#2120=EDGE_CURVE('',#2583,#2590,#2592,.T.);
#2121=EDGE_CURVE('',#2593,#2594,#2595,.T.);
#2122=EDGE_CURVE('',#2594,#2596,#2597,.T.);
#2123=EDGE_CURVE('',#2596,#2598,#2599,.T.);
#2124=EDGE_CURVE('',#2598,#2593,#2600,.T.);
#2125=EDGE_CURVE('',#2601,#2602,#2603,.T.);
#2126=EDGE_CURVE('',#2602,#2604,#2605,.T.);
#2127=EDGE_CURVE('',#2604,#2606,#2607,.T.);
#2128=EDGE_CURVE('',#2606,#2601,#2608,.T.);
#2129=EDGE_CURVE('',#2609,#2610,#2611,.T.);
#2130=EDGE_CURVE('',#2610,#2612,#2613,.T.);
#2131=EDGE_CURVE('',#2612,#2614,#2615,.T.);
#2132=EDGE_CURVE('',#2616,#2614,#2617,.T.);
#2133=EDGE_CURVE('',#2616,#2618,#2619,.T.);
#2134=EDGE_CURVE('',#2618,#2620,#2621,.T.);
#2135=EDGE_CURVE('',#2620,#2622,#2623,.T.);
#2136=EDGE_CURVE('',#2624,#2622,#2625,.T.);
#2137=EDGE_CURVE('',#2624,#2626,#2627,.T.);
#2138=EDGE_CURVE('',#2626,#2628,#2629,.T.);
#2139=EDGE_CURVE('',#2628,#2630,#2631,.T.);
#2140=EDGE_CURVE('',#2630,#2632,#2633,.T.);
#2141=EDGE_CURVE('',#2632,#2634,#2635,.T.);
#2142=EDGE_CURVE('',#2634,#2636,#2637,.T.);
#2143=EDGE_CURVE('',#2636,#2638,#2639,.T.);
#2144=EDGE_CURVE('',#2638,#2640,#2641,.T.);
#2145=EDGE_CURVE('',#2640,#2642,#2643,.T.);
#2146=EDGE_CURVE('',#2642,#2644,#2645,.T.);
#2147=EDGE_CURVE('',#2644,#2646,#2647,.T.);
#2148=EDGE_CURVE('',#2646,#2648,#2649,.T.);
#2149=EDGE_CURVE('',#2648,#2650,#2651,.T.);
#2150=EDGE_CURVE('',#2652,#2650,#2653,.T.);
#2151=EDGE_CURVE('',#2652,#2654,#2655,.T.);
#2152=EDGE_CURVE('',#2609,#2654,#2656,.T.);
#2153=EDGE_CURVE('',#2657,#2612,#2658,.T.);
#2154=EDGE_CURVE('',#2659,#2657,#2660,.T.);
#2155=EDGE_CURVE('',#2659,#2654,#2661,.T.);
#2156=EDGE_CURVE('',#2662,#2652,#2663,.T.);
#2157=EDGE_CURVE('',#2664,#2662,#2665,.T.);
#2158=EDGE_CURVE('',#2630,#2664,#2666,.T.);
#2159=EDGE_CURVE('',#2667,#2628,#2668,.T.);
#2160=EDGE_CURVE('',#2669,#2667,#2670,.T.);
#2161=EDGE_CURVE('',#2669,#2622,#2671,.T.);
#2162=EDGE_CURVE('',#2672,#2620,#2673,.T.);
#2163=EDGE_CURVE('',#2674,#2672,#2675,.T.);
#2164=EDGE_CURVE('',#2674,#2614,#2676,.T.);
#2165=EDGE_CURVE('',#2677,#2678,#2679,.T.);
#2166=EDGE_CURVE('',#2677,#2680,#2681,.T.);
#2167=EDGE_CURVE('',#2682,#2680,#2683,.T.);
#2168=EDGE_CURVE('',#2678,#2682,#2684,.T.);
#2169=EDGE_CURVE('',#2685,#2686,#2687,.T.);
#2170=EDGE_CURVE('',#2686,#2688,#2689,.T.);
#2171=EDGE_CURVE('',#2688,#2690,#2691,.T.);
#2172=EDGE_CURVE('',#2690,#2685,#2692,.T.);
#2173=EDGE_CURVE('',#2693,#2694,#2695,.T.);
#2174=EDGE_CURVE('',#2694,#2696,#2697,.T.);
#2175=EDGE_CURVE('',#2696,#2698,#2699,.T.);
#2176=EDGE_CURVE('',#2698,#2693,#2700,.T.);
#2177=EDGE_CURVE('',#2536,#2701,#2702,.T.);
#2178=EDGE_CURVE('',#2703,#2534,#2704,.T.);
#2179=EDGE_CURVE('',#2705,#2703,#2706,.T.);
#2180=EDGE_CURVE('',#2707,#2705,#2708,.T.);
#2181=EDGE_CURVE('',#2709,#2707,#2710,.T.);
#2182=EDGE_CURVE('',#2680,#2709,#2711,.T.);
#2183=EDGE_CURVE('',#2712,#2677,#2713,.T.);
#2184=EDGE_CURVE('',#2712,#2701,#2714,.T.);
#2185=EDGE_CURVE('',#2715,#2716,#2717,.T.);
#2186=EDGE_CURVE('',#2718,#2715,#2719,.T.);
#2187=EDGE_CURVE('',#2718,#2720,#2721,.T.);
#2188=EDGE_CURVE('',#2720,#2716,#2722,.T.);
#2189=EDGE_CURVE('',#2716,#2723,#2724,.T.);
#2190=EDGE_CURVE('',#2720,#2725,#2726,.T.);
#2191=EDGE_CURVE('',#2725,#2723,#2727,.T.);
#2192=EDGE_CURVE('',#2728,#2729,#2730,.T.);
#2193=EDGE_CURVE('',#2731,#2728,#2732,.T.);
#2194=EDGE_CURVE('',#2731,#2733,#2734,.T.);
#2195=EDGE_CURVE('',#2733,#2729,#2735,.T.);
#2196=EDGE_CURVE('',#2729,#2736,#2737,.T.);
#2197=EDGE_CURVE('',#2733,#2738,#2739,.T.);
#2198=EDGE_CURVE('',#2738,#2736,#2740,.T.);
#2199=EDGE_CURVE('',#2741,#2742,#2743,.T.);
#2200=EDGE_CURVE('',#2741,#2642,#2744,.T.);
#2201=EDGE_CURVE('',#2742,#2640,#2745,.T.);
#2202=EDGE_CURVE('',#2746,#2747,#2748,.T.);
#2203=EDGE_CURVE('',#2749,#2746,#2750,.T.);
#2204=EDGE_CURVE('',#2749,#2751,#2752,.T.);
#2205=EDGE_CURVE('',#2751,#2747,#2753,.T.);
#2206=EDGE_CURVE('',#2754,#2746,#2755,.T.);
#2207=EDGE_CURVE('',#2756,#2754,#2757,.T.);
#2208=EDGE_CURVE('',#2756,#2749,#2758,.T.);
#2209=EDGE_CURVE('',#2747,#2759,#2760,.T.);
#2210=EDGE_CURVE('',#2751,#2761,#2762,.T.);
#2211=EDGE_CURVE('',#2761,#2759,#2763,.T.);
#2212=EDGE_CURVE('',#2759,#2754,#2764,.T.);
#2213=EDGE_CURVE('',#2761,#2756,#2765,.T.);
#2214=EDGE_CURVE('',#2766,#2767,#2768,.T.);
#2215=EDGE_CURVE('',#2767,#2769,#2770,.T.);
#2216=EDGE_CURVE('',#2769,#2575,#2771,.T.);
#2217=EDGE_CURVE('',#2566,#2573,#2772,.T.);
#2218=EDGE_CURVE('',#2564,#2773,#2774,.T.);
#2219=EDGE_CURVE('',#2773,#2766,#2775,.T.);
#2220=EDGE_CURVE('',#2590,#2707,#2776,.T.);
#2221=EDGE_CURVE('',#2588,#2777,#2778,.T.);
#2222=EDGE_CURVE('',#2777,#2779,#2780,.T.);
#2223=EDGE_CURVE('',#2781,#2779,#2782,.T.);
#2224=EDGE_CURVE('',#2783,#2781,#2784,.T.);
#2225=EDGE_CURVE('',#2783,#2709,#2785,.T.);
#2226=EDGE_CURVE('',#2650,#2786,#2787,.T.);
#2227=EDGE_CURVE('',#2786,#2767,#2788,.T.);
#2228=EDGE_CURVE('',#2662,#2766,#2789,.T.);
#2229=EDGE_CURVE('',#2790,#2538,#2791,.T.);
#2230=EDGE_CURVE('',#2790,#2792,#2793,.T.);
#2231=EDGE_CURVE('',#2678,#2792,#2794,.T.);
#2232=EDGE_CURVE('',#2783,#2682,#2795,.T.);
#2233=EDGE_CURVE('',#2781,#2796,#2797,.T.);
#2234=EDGE_CURVE('',#2798,#2796,#2799,.T.);
#2235=EDGE_CURVE('',#2798,#2540,#2800,.T.);
#2236=EDGE_CURVE('',#2632,#2586,#2801,.T.);
#2237=EDGE_CURVE('',#2664,#2777,#2802,.T.);
#2238=EDGE_CURVE('',#2803,#2804,#2805,.T.);
#2239=EDGE_CURVE('',#2806,#2803,#2807,.T.);
#2240=EDGE_CURVE('',#2804,#2806,#2808,.T.);
#2241=EDGE_CURVE('',#2738,#2773,#2809,.T.);
#2242=EDGE_CURVE('',#2725,#2731,#2810,.T.);
#2243=EDGE_CURVE('',#2779,#2718,#2811,.T.);
#2244=EDGE_CURVE('',#2715,#2546,#2812,.T.);
#2245=EDGE_CURVE('',#2813,#2544,#2814,.T.);
#2246=EDGE_CURVE('',#2796,#2813,#2815,.T.);
#2247=EDGE_CURVE('',#2728,#2723,#2816,.T.);
#2248=EDGE_CURVE('',#2817,#2562,#2818,.T.);
#2249=EDGE_CURVE('',#2817,#2550,#2819,.T.);
#2250=EDGE_CURVE('',#2736,#2548,#2820,.T.);
#2251=EDGE_CURVE('',#2705,#2583,#2821,.T.);
#2252=EDGE_CURVE('',#2703,#2638,#2822,.T.);
#2253=EDGE_CURVE('',#2583,#2636,#2823,.T.);
#2254=EDGE_CURVE('',#2532,#2742,#2824,.T.);
#2255=EDGE_CURVE('',#2769,#2825,#2826,.T.);
#2256=EDGE_CURVE('',#2577,#2825,#2827,.T.);
#2257=EDGE_CURVE('',#2482,#2741,#2828,.T.);
#2258=EDGE_CURVE('',#2579,#2644,#2829,.T.);
#2259=EDGE_CURVE('',#2825,#2646,#2830,.T.);
#2260=EDGE_CURVE('',#2831,#2552,#2832,.T.);
#2261=EDGE_CURVE('',#2560,#2831,#2833,.T.);
#2262=EDGE_CURVE('',#2831,#2817,#2834,.T.);
#2263=EDGE_CURVE('',#2835,#2542,#2836,.T.);
#2264=EDGE_CURVE('',#2813,#2835,#2837,.T.);
#2265=EDGE_CURVE('',#2835,#2798,#2838,.T.);
#2266=EDGE_CURVE('',#2839,#2825,#2840,.T.);
#2267=EDGE_CURVE('',#2839,#2648,#2841,.T.);
#2268=EDGE_CURVE('',#2786,#2839,#2842,.T.);
#2269=EDGE_CURVE('',#2843,#2844,#2845,.T.);
#2270=EDGE_CURVE('',#2846,#2843,#2847,.T.);
#2271=EDGE_CURVE('',#2848,#2846,#2849,.T.);
#2272=EDGE_CURVE('',#2844,#2848,#2850,.T.);
#2273=EDGE_CURVE('',#2584,#2634,#2851,.T.);
#2274=EDGE_CURVE('',#2484,#2852,#2853,.T.);
#2275=EDGE_CURVE('',#2854,#2530,#2855,.T.);
#2276=EDGE_CURVE('',#2856,#2854,#2857,.T.);
#2277=EDGE_CURVE('',#2516,#2856,#2858,.T.);
#2278=EDGE_CURVE('',#2859,#2514,#2860,.T.);
#2279=EDGE_CURVE('',#2861,#2859,#2862,.T.);
#2280=EDGE_CURVE('',#2500,#2861,#2863,.T.);
#2281=EDGE_CURVE('',#2864,#2498,#2865,.T.);
#2282=EDGE_CURVE('',#2852,#2864,#2866,.T.);
#2283=EDGE_CURVE('',#2698,#2856,#2867,.T.);
#2284=EDGE_CURVE('',#2518,#2696,#2868,.T.);
#2285=EDGE_CURVE('',#2693,#2854,#2869,.T.);
#2286=EDGE_CURVE('',#2694,#2528,#2870,.T.);
#2287=EDGE_CURVE('',#2524,#2871,#2872,.T.);
#2288=EDGE_CURVE('',#2871,#2873,#2874,.T.);
#2289=EDGE_CURVE('',#2873,#2526,#2875,.T.);
#2290=EDGE_CURVE('',#2522,#2876,#2877,.T.);
#2291=EDGE_CURVE('',#2878,#2520,#2879,.T.);
#2292=EDGE_CURVE('',#2876,#2878,#2880,.T.);
#2293=EDGE_CURVE('',#2871,#2876,#2881,.T.);
#2294=EDGE_CURVE('',#2696,#2878,#2882,.T.);
#2295=EDGE_CURVE('',#2873,#2694,#2883,.T.);
#2296=EDGE_CURVE('',#2884,#2669,#2885,.T.);
#2297=EDGE_CURVE('',#2886,#2667,#2887,.T.);
#2298=EDGE_CURVE('',#2886,#2884,#2888,.T.);
#2299=EDGE_CURVE('',#2626,#2889,#2890,.T.);
#2300=EDGE_CURVE('',#2889,#2891,#2892,.T.);
#2301=EDGE_CURVE('',#2891,#2893,#2894,.T.);
#2302=EDGE_CURVE('',#2893,#2895,#2896,.T.);
#2303=EDGE_CURVE('',#2895,#2886,#2897,.T.);
#2304=EDGE_CURVE('',#2624,#2898,#2899,.T.);
#2305=EDGE_CURVE('',#2900,#2884,#2901,.T.);
#2306=EDGE_CURVE('',#2902,#2900,#2903,.T.);
#2307=EDGE_CURVE('',#2904,#2902,#2905,.T.);
#2308=EDGE_CURVE('',#2898,#2904,#2906,.T.);
#2309=EDGE_CURVE('',#2889,#2898,#2907,.T.);
#2310=EDGE_CURVE('',#2891,#2904,#2908,.T.);
#2311=EDGE_CURVE('',#2893,#2902,#2909,.T.);
#2312=EDGE_CURVE('',#2895,#2900,#2910,.T.);
#2313=EDGE_CURVE('',#2690,#2861,#2911,.T.);
#2314=EDGE_CURVE('',#2502,#2688,#2912,.T.);
#2315=EDGE_CURVE('',#2685,#2859,#2913,.T.);
#2316=EDGE_CURVE('',#2686,#2512,#2914,.T.);
#2317=EDGE_CURVE('',#2508,#2915,#2916,.T.);
#2318=EDGE_CURVE('',#2915,#2917,#2918,.T.);
#2319=EDGE_CURVE('',#2917,#2510,#2919,.T.);
#2320=EDGE_CURVE('',#2506,#2920,#2921,.T.);
#2321=EDGE_CURVE('',#2922,#2504,#2923,.T.);
#2322=EDGE_CURVE('',#2920,#2922,#2924,.T.);
#2323=EDGE_CURVE('',#2915,#2920,#2925,.T.);
#2324=EDGE_CURVE('',#2688,#2922,#2926,.T.);
#2325=EDGE_CURVE('',#2917,#2686,#2927,.T.);
#2326=EDGE_CURVE('',#2928,#2674,#2929,.T.);
#2327=EDGE_CURVE('',#2930,#2672,#2931,.T.);
#2328=EDGE_CURVE('',#2930,#2928,#2932,.T.);
#2329=EDGE_CURVE('',#2618,#2933,#2934,.T.);
#2330=EDGE_CURVE('',#2933,#2935,#2936,.T.);
#2331=EDGE_CURVE('',#2935,#2937,#2938,.T.);
#2332=EDGE_CURVE('',#2937,#2939,#2940,.T.);
#2333=EDGE_CURVE('',#2939,#2930,#2941,.T.);
#2334=EDGE_CURVE('',#2616,#2942,#2943,.T.);
#2335=EDGE_CURVE('',#2944,#2928,#2945,.T.);
#2336=EDGE_CURVE('',#2946,#2944,#2947,.T.);
#2337=EDGE_CURVE('',#2948,#2946,#2949,.T.);
#2338=EDGE_CURVE('',#2942,#2948,#2950,.T.);
#2339=EDGE_CURVE('',#2933,#2942,#2951,.T.);
#2340=EDGE_CURVE('',#2935,#2948,#2952,.T.);
#2341=EDGE_CURVE('',#2937,#2946,#2953,.T.);
#2342=EDGE_CURVE('',#2939,#2944,#2954,.T.);
#2343=EDGE_CURVE('',#2606,#2852,#2955,.T.);
#2344=EDGE_CURVE('',#2486,#2604,#2956,.T.);
#2345=EDGE_CURVE('',#2601,#2864,#2957,.T.);
#2346=EDGE_CURVE('',#2602,#2496,#2958,.T.);
#2347=EDGE_CURVE('',#2492,#2959,#2960,.T.);
#2348=EDGE_CURVE('',#2959,#2961,#2962,.T.);
#2349=EDGE_CURVE('',#2961,#2494,#2963,.T.);
#2350=EDGE_CURVE('',#2490,#2964,#2965,.T.);
#2351=EDGE_CURVE('',#2966,#2488,#2967,.T.);
#2352=EDGE_CURVE('',#2964,#2966,#2968,.T.);
#2353=EDGE_CURVE('',#2959,#2964,#2969,.T.);
#2354=EDGE_CURVE('',#2604,#2966,#2970,.T.);
#2355=EDGE_CURVE('',#2961,#2602,#2971,.T.);
#2356=EDGE_CURVE('',#2972,#2659,#2973,.T.);
#2357=EDGE_CURVE('',#2974,#2657,#2975,.T.);
#2358=EDGE_CURVE('',#2974,#2972,#2976,.T.);
#2359=EDGE_CURVE('',#2610,#2977,#2978,.T.);
#2360=EDGE_CURVE('',#2977,#2979,#2980,.T.);
#2361=EDGE_CURVE('',#2979,#2981,#2982,.T.);
#2362=EDGE_CURVE('',#2981,#2983,#2984,.T.);
#2363=EDGE_CURVE('',#2983,#2974,#2985,.T.);
#2364=EDGE_CURVE('',#2609,#2986,#2987,.T.);
#2365=EDGE_CURVE('',#2988,#2972,#2989,.T.);
#2366=EDGE_CURVE('',#2990,#2988,#2991,.T.);
#2367=EDGE_CURVE('',#2992,#2990,#2993,.T.);
#2368=EDGE_CURVE('',#2986,#2992,#2994,.T.);
#2369=EDGE_CURVE('',#2977,#2986,#2995,.T.);
#2370=EDGE_CURVE('',#2979,#2992,#2996,.T.);
#2371=EDGE_CURVE('',#2981,#2990,#2997,.T.);
#2372=EDGE_CURVE('',#2983,#2988,#2998,.T.);
#2373=EDGE_CURVE('',#2999,#3000,#3001,.T.);
#2374=EDGE_CURVE('',#3002,#2999,#3003,.T.);
#2375=EDGE_CURVE('',#3004,#3002,#3005,.T.);
#2376=EDGE_CURVE('',#3004,#3000,#3006,.T.);
#2377=EDGE_CURVE('',#3007,#2999,#3008,.T.);
#2378=EDGE_CURVE('',#3009,#3007,#3010,.T.);
#2379=EDGE_CURVE('',#3002,#3009,#3011,.T.);
#2380=EDGE_CURVE('',#3007,#3012,#3013,.T.);
#2381=EDGE_CURVE('',#3014,#3012,#3015,.T.);
#2382=EDGE_CURVE('',#3009,#3014,#3016,.T.);
#2383=EDGE_CURVE('',#2594,#3004,#3017,.T.);
#2384=EDGE_CURVE('',#3014,#2596,#3018,.T.);
#2385=EDGE_CURVE('',#3012,#2598,#3019,.T.);
#2386=EDGE_CURVE('',#2593,#3000,#3020,.T.);
#2387=EDGE_CURVE('',#2712,#3021,#3022,.T.);
#2388=EDGE_CURVE('',#3021,#3023,#3024,.T.);
#2389=EDGE_CURVE('',#3023,#3025,#3026,.T.);
#2390=EDGE_CURVE('',#3025,#3027,#3028,.T.);
#2391=EDGE_CURVE('',#3027,#3029,#3030,.T.);
#2392=EDGE_CURVE('',#3029,#3031,#3032,.T.);
#2393=EDGE_CURVE('',#3031,#2701,#3033,.T.);
#2394=EDGE_CURVE('',#3031,#3034,#3035,.T.);
#2395=EDGE_CURVE('',#3034,#3036,#3037,.T.);
#2396=EDGE_CURVE('',#3036,#3038,#3039,.T.);
#2397=EDGE_CURVE('',#3038,#3040,#3041,.T.);
#2398=EDGE_CURVE('',#3040,#2790,#3042,.T.);
#2399=EDGE_CURVE('',#3043,#2792,#3044,.T.);
#2400=EDGE_CURVE('',#3045,#3043,#3046,.T.);
#2401=EDGE_CURVE('',#3047,#3045,#3048,.T.);
#2402=EDGE_CURVE('',#3049,#3047,#3050,.T.);
#2403=EDGE_CURVE('',#3021,#3049,#3051,.T.);
#2404=EDGE_CURVE('',#3052,#3053,#3054,.T.);
#2405=EDGE_CURVE('',#3049,#3052,#3055,.T.);
#2406=EDGE_CURVE('',#3034,#3049,#3056,.T.);
#2407=EDGE_CURVE('',#3057,#3034,#3058,.T.);
#2408=EDGE_CURVE('',#3059,#3057,#3060,.T.);
#2409=EDGE_CURVE('',#3053,#3059,#3061,.T.);
#2410=EDGE_CURVE('',#3023,#3052,#3062,.T.);
#2411=EDGE_CURVE('',#3025,#3053,#3063,.T.);
#2412=EDGE_CURVE('',#3027,#3059,#3064,.T.);
#2413=EDGE_CURVE('',#3029,#3057,#3065,.T.);
#2414=EDGE_CURVE('',#3047,#3036,#3066,.T.);
#2415=EDGE_CURVE('',#3045,#3038,#3067,.T.);
#2416=EDGE_CURVE('',#3043,#3040,#3068,.T.);
#2417=EDGE_CURVE('',#3069,#3070,#3071,.T.);
#2418=EDGE_CURVE('',#3072,#3070,#3073,.T.);
#2419=EDGE_CURVE('',#3074,#3072,#3075,.T.);
#2420=EDGE_CURVE('',#3074,#3069,#3076,.T.);
#2421=EDGE_CURVE('',#3072,#3077,#3078,.T.);
#2422=EDGE_CURVE('',#3079,#3077,#3080,.T.);
#2423=EDGE_CURVE('',#3079,#3074,#3081,.T.);
#2424=EDGE_CURVE('',#3077,#3082,#3083,.T.);
#2425=EDGE_CURVE('',#3084,#3082,#3085,.T.);
#2426=EDGE_CURVE('',#3084,#3079,#3086,.T.);
#2427=EDGE_CURVE('',#2843,#3084,#3087,.T.);
#2428=EDGE_CURVE('',#3069,#2844,#3088,.T.);
#2429=EDGE_CURVE('',#3070,#2848,#3089,.T.);
#2430=EDGE_CURVE('',#2846,#3082,#3090,.T.);
#2431=EDGE_CURVE('',#2569,#3091,#3092,.T.);
#2432=EDGE_CURVE('',#3093,#2570,#3094,.T.);
#2433=EDGE_CURVE('',#3095,#3093,#3096,.T.);
#2434=EDGE_CURVE('',#3097,#3095,#3098,.T.);
#2435=EDGE_CURVE('',#3099,#3097,#3100,.T.);
#2436=EDGE_CURVE('',#3101,#3099,#3102,.T.);
#2437=EDGE_CURVE('',#3091,#3101,#3103,.T.);
#2438=EDGE_CURVE('',#3091,#3104,#3105,.T.);
#2439=EDGE_CURVE('',#3104,#3106,#3107,.T.);
#2440=EDGE_CURVE('',#3106,#3108,#3109,.T.);
#2441=EDGE_CURVE('',#3108,#3110,#3111,.T.);
#2442=EDGE_CURVE('',#3110,#2555,#3112,.T.);
#2443=EDGE_CURVE('',#3113,#2557,#3114,.T.);
#2444=EDGE_CURVE('',#3115,#3113,#3116,.T.);
#2445=EDGE_CURVE('',#3117,#3115,#3118,.T.);
#2446=EDGE_CURVE('',#3119,#3117,#3120,.T.);
#2447=EDGE_CURVE('',#3093,#3119,#3121,.T.);
#2448=EDGE_CURVE('',#3122,#3119,#3123,.T.);
#2449=EDGE_CURVE('',#3119,#3104,#3124,.T.);
#2450=EDGE_CURVE('',#3104,#3125,#3126,.T.);
#2451=EDGE_CURVE('',#3125,#3127,#3128,.T.);
#2452=EDGE_CURVE('',#3127,#3129,#3130,.T.);
#2453=EDGE_CURVE('',#3129,#3122,#3131,.T.);
#2454=EDGE_CURVE('',#3101,#3125,#3132,.T.);
#2455=EDGE_CURVE('',#3099,#3127,#3133,.T.);
#2456=EDGE_CURVE('',#3097,#3129,#3134,.T.);
#2457=EDGE_CURVE('',#3095,#3122,#3135,.T.);
#2458=EDGE_CURVE('',#3106,#3117,#3136,.T.);
#2459=EDGE_CURVE('',#3108,#3115,#3137,.T.);
#2460=EDGE_CURVE('',#3110,#3113,#3138,.T.);
#2461=EDGE_CURVE('',#2804,#3139,#3140,.T.);
#2462=EDGE_CURVE('',#3139,#3141,#3142,.T.);
#2463=EDGE_CURVE('',#2803,#3141,#3143,.T.);
#2464=EDGE_CURVE('',#2806,#3144,#3145,.T.);
#2465=EDGE_CURVE('',#3144,#3139,#3146,.T.);
#2466=EDGE_CURVE('',#3141,#3144,#3147,.T.);
#2467=VERTEX_POINT('',#3148);
#2468=VERTEX_POINT('',#3149);
#2469=LINE('',#3150,#3151);
#2470=VERTEX_POINT('',#3152);
#2471=LINE('',#3153,#3154);
#2472=VERTEX_POINT('',#3155);
#2473=LINE('',#3156,#3157);
#2474=LINE('',#3158,#3159);
#2475=VERTEX_POINT('',#3160);
#2476=VERTEX_POINT('',#3161);
#2477=LINE('',#3162,#3163);
#2478=VERTEX_POINT('',#3164);
#2479=LINE('',#3165,#3166);
#2480=VERTEX_POINT('',#3167);
#2481=LINE('',#3168,#3169);
#2482=VERTEX_POINT('',#3170);
#2483=LINE('',#3171,#3172);
#2484=VERTEX_POINT('',#3173);
#2485=LINE('',#3174,#3175);
#2486=VERTEX_POINT('',#3176);
#2487=LINE('',#3177,#3178);
#2488=VERTEX_POINT('',#3179);
#2489=LINE('',#3180,#3181);
#2490=VERTEX_POINT('',#3182);
#2491=LINE('',#3183,#3184);
#2492=VERTEX_POINT('',#3185);
#2493=LINE('',#3186,#3187);
#2494=VERTEX_POINT('',#3188);
#2495=LINE('',#3189,#3190);
#2496=VERTEX_POINT('',#3191);
#2497=LINE('',#3192,#3193);
#2498=VERTEX_POINT('',#3194);
#2499=LINE('',#3195,#3196);
#2500=VERTEX_POINT('',#3197);
#2501=LINE('',#3198,#3199);
#2502=VERTEX_POINT('',#3200);
#2503=LINE('',#3201,#3202);
#2504=VERTEX_POINT('',#3203);
#2505=LINE('',#3204,#3205);
#2506=VERTEX_POINT('',#3206);
#2507=LINE('',#3207,#3208);
#2508=VERTEX_POINT('',#3209);
#2509=LINE('',#3210,#3211);
#2510=VERTEX_POINT('',#3212);
#2511=LINE('',#3213,#3214);
#2512=VERTEX_POINT('',#3215);
#2513=LINE('',#3216,#3217);
#2514=VERTEX_POINT('',#3218);
#2515=LINE('',#3219,#3220);
#2516=VERTEX_POINT('',#3221);
#2517=LINE('',#3222,#3223);
#2518=VERTEX_POINT('',#3224);
#2519=LINE('',#3225,#3226);
#2520=VERTEX_POINT('',#3227);
#2521=LINE('',#3228,#3229);
#2522=VERTEX_POINT('',#3230);
#2523=LINE('',#3231,#3232);
#2524=VERTEX_POINT('',#3233);
#2525=LINE('',#3234,#3235);
#2526=VERTEX_POINT('',#3236);
#2527=LINE('',#3237,#3238);
#2528=VERTEX_POINT('',#3239);
#2529=LINE('',#3240,#3241);
#2530=VERTEX_POINT('',#3242);
#2531=LINE('',#3243,#3244);
#2532=VERTEX_POINT('',#3245);
#2533=LINE('',#3246,#3247);
#2534=VERTEX_POINT('',#3248);
#2535=LINE('',#3249,#3250);
#2536=VERTEX_POINT('',#3251);
#2537=LINE('',#3252,#3253);
#2538=VERTEX_POINT('',#3254);
#2539=LINE('',#3255,#3256);
#2540=VERTEX_POINT('',#3257);
#2541=LINE('',#3258,#3259);
#2542=VERTEX_POINT('',#3260);
#2543=LINE('',#3261,#3262);
#2544=VERTEX_POINT('',#3263);
#2545=LINE('',#3264,#3265);
#2546=VERTEX_POINT('',#3266);
#2547=LINE('',#3267,#3268);
#2548=VERTEX_POINT('',#3269);
#2549=LINE('',#3270,#3271);
#2550=VERTEX_POINT('',#3272);
#2551=LINE('',#3273,#3274);
#2552=VERTEX_POINT('',#3275);
#2553=LINE('',#3276,#3277);
#2554=LINE('',#3278,#3279);
#2555=VERTEX_POINT('',#3280);
#2556=LINE('',#3281,#3282);
#2557=VERTEX_POINT('',#3283);
#2558=LINE('',#3284,#3285);
#2559=LINE('',#3286,#3287);
#2560=VERTEX_POINT('',#3288);
#2561=LINE('',#3289,#3290);
#2562=VERTEX_POINT('',#3291);
#2563=LINE('',#3292,#3293);
#2564=VERTEX_POINT('',#3294);
#2565=LINE('',#3295,#3296);
#2566=VERTEX_POINT('',#3297);
#2567=LINE('',#3298,#3299);
#2568=LINE('',#3300,#3301);
#2569=VERTEX_POINT('',#3302);
#2570=VERTEX_POINT('',#3303);
#2571=LINE('',#3304,#3305);
#2572=LINE('',#3306,#3307);
#2573=VERTEX_POINT('',#3308);
#2574=LINE('',#3309,#3310);
#2575=VERTEX_POINT('',#3311);
#2576=LINE('',#3312,#3313);
#2577=VERTEX_POINT('',#3314);
#2578=LINE('',#3315,#3316);
#2579=VERTEX_POINT('',#3317);
#2580=LINE('',#3318,#3319);
#2581=LINE('',#3320,#3321);
#2582=LINE('',#3322,#3323);
#2583=VERTEX_POINT('',#3324);
#2584=VERTEX_POINT('',#3325);
#2585=LINE('',#3326,#3327);
#2586=VERTEX_POINT('',#3328);
#2587=LINE('',#3329,#3330);
#2588=VERTEX_POINT('',#3331);
#2589=LINE('',#3332,#3333);
#2590=VERTEX_POINT('',#3334);
#2591=LINE('',#3335,#3336);
#2592=LINE('',#3337,#3338);
#2593=VERTEX_POINT('',#3339);
#2594=VERTEX_POINT('',#3340);
#2595=LINE('',#3341,#3342);
#2596=VERTEX_POINT('',#3343);
#2597=LINE('',#3344,#3345);
#2598=VERTEX_POINT('',#3346);
#2599=LINE('',#3347,#3348);
#2600=LINE('',#3349,#3350);
#2601=VERTEX_POINT('',#3351);
#2602=VERTEX_POINT('',#3352);
#2603=LINE('',#3353,#3354);
#2604=VERTEX_POINT('',#3355);
#2605=LINE('',#3356,#3357);
#2606=VERTEX_POINT('',#3358);
#2607=LINE('',#3359,#3360);
#2608=LINE('',#3361,#3362);
#2609=VERTEX_POINT('',#3363);
#2610=VERTEX_POINT('',#3364);
#2611=LINE('',#3365,#3366);
#2612=VERTEX_POINT('',#3367);
#2613=LINE('',#3368,#3369);
#2614=VERTEX_POINT('',#3370);
#2615=LINE('',#3371,#3372);
#2616=VERTEX_POINT('',#3373);
#2617=LINE('',#3374,#3375);
#2618=VERTEX_POINT('',#3376);
#2619=LINE('',#3377,#3378);
#2620=VERTEX_POINT('',#3379);
#2621=LINE('',#3380,#3381);
#2622=VERTEX_POINT('',#3382);
#2623=LINE('',#3383,#3384);
#2624=VERTEX_POINT('',#3385);
#2625=LINE('',#3386,#3387);
#2626=VERTEX_POINT('',#3388);
#2627=LINE('',#3389,#3390);
#2628=VERTEX_POINT('',#3391);
#2629=LINE('',#3392,#3393);
#2630=VERTEX_POINT('',#3394);
#2631=LINE('',#3395,#3396);
#2632=VERTEX_POINT('',#3397);
#2633=LINE('',#3398,#3399);
#2634=VERTEX_POINT('',#3400);
#2635=LINE('',#3401,#3402);
#2636=VERTEX_POINT('',#3403);
#2637=LINE('',#3404,#3405);
#2638=VERTEX_POINT('',#3406);
#2639=LINE('',#3407,#3408);
#2640=VERTEX_POINT('',#3409);
#2641=LINE('',#3410,#3411);
#2642=VERTEX_POINT('',#3412);
#2643=LINE('',#3413,#3414);
#2644=VERTEX_POINT('',#3415);
#2645=LINE('',#3416,#3417);
#2646=VERTEX_POINT('',#3418);
#2647=LINE('',#3419,#3420);
#2648=VERTEX_POINT('',#3421);
#2649=LINE('',#3422,#3423);
#2650=VERTEX_POINT('',#3424);
#2651=LINE('',#3425,#3426);
#2652=VERTEX_POINT('',#3427);
#2653=LINE('',#3428,#3429);
#2654=VERTEX_POINT('',#3430);
#2655=LINE('',#3431,#3432);
#2656=LINE('',#3433,#3434);
#2657=VERTEX_POINT('',#3435);
#2658=LINE('',#3436,#3437);
#2659=VERTEX_POINT('',#3438);
#2660=LINE('',#3439,#3440);
#2661=LINE('',#3441,#3442);
#2662=VERTEX_POINT('',#3443);
#2663=LINE('',#3444,#3445);
#2664=VERTEX_POINT('',#3446);
#2665=LINE('',#3447,#3448);
#2666=LINE('',#3449,#3450);
#2667=VERTEX_POINT('',#3451);
#2668=LINE('',#3452,#3453);
#2669=VERTEX_POINT('',#3454);
#2670=LINE('',#3455,#3456);
#2671=LINE('',#3457,#3458);
#2672=VERTEX_POINT('',#3459);
#2673=LINE('',#3460,#3461);
#2674=VERTEX_POINT('',#3462);
#2675=LINE('',#3463,#3464);
#2676=LINE('',#3465,#3466);
#2677=VERTEX_POINT('',#3467);
#2678=VERTEX_POINT('',#3468);
#2679=LINE('',#3469,#3470);
#2680=VERTEX_POINT('',#3471);
#2681=LINE('',#3472,#3473);
#2682=VERTEX_POINT('',#3474);
#2683=LINE('',#3475,#3476);
#2684=LINE('',#3477,#3478);
#2685=VERTEX_POINT('',#3479);
#2686=VERTEX_POINT('',#3480);
#2687=LINE('',#3481,#3482);
#2688=VERTEX_POINT('',#3483);
#2689=LINE('',#3484,#3485);
#2690=VERTEX_POINT('',#3486);
#2691=LINE('',#3487,#3488);
#2692=LINE('',#3489,#3490);
#2693=VERTEX_POINT('',#3491);
#2694=VERTEX_POINT('',#3492);
#2695=LINE('',#3493,#3494);
#2696=VERTEX_POINT('',#3495);
#2697=LINE('',#3496,#3497);
#2698=VERTEX_POINT('',#3498);
#2699=LINE('',#3499,#3500);
#2700=LINE('',#3501,#3502);
#2701=VERTEX_POINT('',#3503);
#2702=LINE('',#3504,#3505);
#2703=VERTEX_POINT('',#3506);
#2704=LINE('',#3507,#3508);
#2705=VERTEX_POINT('',#3509);
#2706=LINE('',#3510,#3511);
#2707=VERTEX_POINT('',#3512);
#2708=LINE('',#3513,#3514);
#2709=VERTEX_POINT('',#3515);
#2710=LINE('',#3516,#3517);
#2711=LINE('',#3518,#3519);
#2712=VERTEX_POINT('',#3520);
#2713=LINE('',#3521,#3522);
#2714=LINE('',#3523,#3524);
#2715=VERTEX_POINT('',#3525);
#2716=VERTEX_POINT('',#3526);
#2717=LINE('',#3527,#3528);
#2718=VERTEX_POINT('',#3529);
#2719=LINE('',#3530,#3531);
#2720=VERTEX_POINT('',#3532);
#2721=LINE('',#3533,#3534);
#2722=LINE('',#3535,#3536);
#2723=VERTEX_POINT('',#3537);
#2724=LINE('',#3538,#3539);
#2725=VERTEX_POINT('',#3540);
#2726=LINE('',#3541,#3542);
#2727=LINE('',#3543,#3544);
#2728=VERTEX_POINT('',#3545);
#2729=VERTEX_POINT('',#3546);
#2730=LINE('',#3547,#3548);
#2731=VERTEX_POINT('',#3549);
#2732=LINE('',#3550,#3551);
#2733=VERTEX_POINT('',#3552);
#2734=LINE('',#3553,#3554);
#2735=LINE('',#3555,#3556);
#2736=VERTEX_POINT('',#3557);
#2737=LINE('',#3558,#3559);
#2738=VERTEX_POINT('',#3560);
#2739=LINE('',#3561,#3562);
#2740=LINE('',#3563,#3564);
#2741=VERTEX_POINT('',#3565);
#2742=VERTEX_POINT('',#3566);
#2743=LINE('',#3567,#3568);
#2744=LINE('',#3569,#3570);
#2745=LINE('',#3571,#3572);
#2746=VERTEX_POINT('',#3573);
#2747=VERTEX_POINT('',#3574);
#2748=LINE('',#3575,#3576);
#2749=VERTEX_POINT('',#3577);
#2750=LINE('',#3578,#3579);
#2751=VERTEX_POINT('',#3580);
#2752=LINE('',#3581,#3582);
#2753=LINE('',#3583,#3584);
#2754=VERTEX_POINT('',#3585);
#2755=LINE('',#3586,#3587);
#2756=VERTEX_POINT('',#3588);
#2757=LINE('',#3589,#3590);
#2758=LINE('',#3591,#3592);
#2759=VERTEX_POINT('',#3593);
#2760=LINE('',#3594,#3595);
#2761=VERTEX_POINT('',#3596);
#2762=LINE('',#3597,#3598);
#2763=LINE('',#3599,#3600);
#2764=LINE('',#3601,#3602);
#2765=LINE('',#3603,#3604);
#2766=VERTEX_POINT('',#3605);
#2767=VERTEX_POINT('',#3606);
#2768=LINE('',#3607,#3608);
#2769=VERTEX_POINT('',#3609);
#2770=LINE('',#3610,#3611);
#2771=LINE('',#3612,#3613);
#2772=LINE('',#3614,#3615);
#2773=VERTEX_POINT('',#3616);
#2774=LINE('',#3617,#3618);
#2775=LINE('',#3619,#3620);
#2776=LINE('',#3621,#3622);
#2777=VERTEX_POINT('',#3623);
#2778=LINE('',#3624,#3625);
#2779=VERTEX_POINT('',#3626);
#2780=LINE('',#3627,#3628);
#2781=VERTEX_POINT('',#3629);
#2782=LINE('',#3630,#3631);
#2783=VERTEX_POINT('',#3632);
#2784=LINE('',#3633,#3634);
#2785=LINE('',#3635,#3636);
#2786=VERTEX_POINT('',#3637);
#2787=LINE('',#3638,#3639);
#2788=LINE('',#3640,#3641);
#2789=LINE('',#3642,#3643);
#2790=VERTEX_POINT('',#3644);
#2791=LINE('',#3645,#3646);
#2792=VERTEX_POINT('',#3647);
#2793=LINE('',#3648,#3649);
#2794=LINE('',#3650,#3651);
#2795=LINE('',#3652,#3653);
#2796=VERTEX_POINT('',#3654);
#2797=LINE('',#3655,#3656);
#2798=VERTEX_POINT('',#3657);
#2799=LINE('',#3658,#3659);
#2800=LINE('',#3660,#3661);
#2801=LINE('',#3662,#3663);
#2802=LINE('',#3664,#3665);
#2803=VERTEX_POINT('',#3666);
#2804=VERTEX_POINT('',#3667);
#2805=LINE('',#3668,#3669);
#2806=VERTEX_POINT('',#3670);
#2807=LINE('',#3671,#3672);
#2808=LINE('',#3673,#3674);
#2809=LINE('',#3675,#3676);
#2810=LINE('',#3677,#3678);
#2811=LINE('',#3679,#3680);
#2812=LINE('',#3681,#3682);
#2813=VERTEX_POINT('',#3683);
#2814=LINE('',#3684,#3685);
#2815=LINE('',#3686,#3687);
#2816=LINE('',#3688,#3689);
#2817=VERTEX_POINT('',#3690);
#2818=LINE('',#3691,#3692);
#2819=LINE('',#3693,#3694);
#2820=LINE('',#3695,#3696);
#2821=LINE('',#3697,#3698);
#2822=LINE('',#3699,#3700);
#2823=LINE('',#3701,#3702);
#2824=LINE('',#3703,#3704);
#2825=VERTEX_POINT('',#3705);
#2826=LINE('',#3706,#3707);
#2827=LINE('',#3708,#3709);
#2828=LINE('',#3710,#3711);
#2829=LINE('',#3712,#3713);
#2830=LINE('',#3714,#3715);
#2831=VERTEX_POINT('',#3716);
#2832=LINE('',#3717,#3718);
#2833=LINE('',#3719,#3720);
#2834=LINE('',#3721,#3722);
#2835=VERTEX_POINT('',#3723);
#2836=LINE('',#3724,#3725);
#2837=LINE('',#3726,#3727);
#2838=LINE('',#3728,#3729);
#2839=VERTEX_POINT('',#3730);
#2840=LINE('',#3731,#3732);
#2841=LINE('',#3733,#3734);
#2842=LINE('',#3735,#3736);
#2843=VERTEX_POINT('',#3737);
#2844=VERTEX_POINT('',#3738);
#2845=LINE('',#3739,#3740);
#2846=VERTEX_POINT('',#3741);
#2847=LINE('',#3742,#3743);
#2848=VERTEX_POINT('',#3744);
#2849=LINE('',#3745,#3746);
#2850=LINE('',#3747,#3748);
#2851=LINE('',#3749,#3750);
#2852=VERTEX_POINT('',#3751);
#2853=LINE('',#3752,#3753);
#2854=VERTEX_POINT('',#3754);
#2855=LINE('',#3755,#3756);
#2856=VERTEX_POINT('',#3757);
#2857=LINE('',#3758,#3759);
#2858=LINE('',#3760,#3761);
#2859=VERTEX_POINT('',#3762);
#2860=LINE('',#3763,#3764);
#2861=VERTEX_POINT('',#3765);
#2862=LINE('',#3766,#3767);
#2863=LINE('',#3768,#3769);
#2864=VERTEX_POINT('',#3770);
#2865=LINE('',#3771,#3772);
#2866=LINE('',#3773,#3774);
#2867=LINE('',#3775,#3776);
#2868=LINE('',#3777,#3778);
#2869=LINE('',#3779,#3780);
#2870=LINE('',#3781,#3782);
#2871=VERTEX_POINT('',#3783);
#2872=LINE('',#3784,#3785);
#2873=VERTEX_POINT('',#3786);
#2874=LINE('',#3787,#3788);
#2875=LINE('',#3789,#3790);
#2876=VERTEX_POINT('',#3791);
#2877=LINE('',#3792,#3793);
#2878=VERTEX_POINT('',#3794);
#2879=LINE('',#3795,#3796);
#2880=LINE('',#3797,#3798);
#2881=LINE('',#3799,#3800);
#2882=LINE('',#3801,#3802);
#2883=LINE('',#3803,#3804);
#2884=VERTEX_POINT('',#3805);
#2885=CIRCLE('',#3806,0.1);
#2886=VERTEX_POINT('',#3807);
#2887=CIRCLE('',#3808,0.1);
#2888=LINE('',#3809,#3810);
#2889=VERTEX_POINT('',#3811);
#2890=LINE('',#3812,#3813);
#2891=VERTEX_POINT('',#3814);
#2892=LINE('',#3815,#3816);
#2893=VERTEX_POINT('',#3817);
#2894=LINE('',#3818,#3819);
#2895=VERTEX_POINT('',#3820);
#2896=LINE('',#3821,#3822);
#2897=LINE('',#3823,#3824);
#2898=VERTEX_POINT('',#3825);
#2899=LINE('',#3826,#3827);
#2900=VERTEX_POINT('',#3828);
#2901=LINE('',#3829,#3830);
#2902=VERTEX_POINT('',#3831);
#2903=LINE('',#3832,#3833);
#2904=VERTEX_POINT('',#3834);
#2905=LINE('',#3835,#3836);
#2906=LINE('',#3837,#3838);
#2907=LINE('',#3839,#3840);
#2908=LINE('',#3841,#3842);
#2909=LINE('',#3843,#3844);
#2910=LINE('',#3845,#3846);
#2911=LINE('',#3847,#3848);
#2912=LINE('',#3849,#3850);
#2913=LINE('',#3851,#3852);
#2914=LINE('',#3853,#3854);
#2915=VERTEX_POINT('',#3855);
#2916=LINE('',#3856,#3857);
#2917=VERTEX_POINT('',#3858);
#2918=LINE('',#3859,#3860);
#2919=LINE('',#3861,#3862);
#2920=VERTEX_POINT('',#3863);
#2921=LINE('',#3864,#3865);
#2922=VERTEX_POINT('',#3866);
#2923=LINE('',#3867,#3868);
#2924=LINE('',#3869,#3870);
#2925=LINE('',#3871,#3872);
#2926=LINE('',#3873,#3874);
#2927=LINE('',#3875,#3876);
#2928=VERTEX_POINT('',#3877);
#2929=CIRCLE('',#3878,0.1);
#2930=VERTEX_POINT('',#3879);
#2931=CIRCLE('',#3880,0.1);
#2932=LINE('',#3881,#3882);
#2933=VERTEX_POINT('',#3883);
#2934=LINE('',#3884,#3885);
#2935=VERTEX_POINT('',#3886);
#2936=LINE('',#3887,#3888);
#2937=VERTEX_POINT('',#3889);
#2938=LINE('',#3890,#3891);
#2939=VERTEX_POINT('',#3892);
#2940=LINE('',#3893,#3894);
#2941=LINE('',#3895,#3896);
#2942=VERTEX_POINT('',#3897);
#2943=LINE('',#3898,#3899);
#2944=VERTEX_POINT('',#3900);
#2945=LINE('',#3901,#3902);
#2946=VERTEX_POINT('',#3903);
#2947=LINE('',#3904,#3905);
#2948=VERTEX_POINT('',#3906);
#2949=LINE('',#3907,#3908);
#2950=LINE('',#3909,#3910);
#2951=LINE('',#3911,#3912);
#2952=LINE('',#3913,#3914);
#2953=LINE('',#3915,#3916);
#2954=LINE('',#3917,#3918);
#2955=LINE('',#3919,#3920);
#2956=LINE('',#3921,#3922);
#2957=LINE('',#3923,#3924);
#2958=LINE('',#3925,#3926);
#2959=VERTEX_POINT('',#3927);
#2960=LINE('',#3928,#3929);
#2961=VERTEX_POINT('',#3930);
#2962=LINE('',#3931,#3932);
#2963=LINE('',#3933,#3934);
#2964=VERTEX_POINT('',#3935);
#2965=LINE('',#3936,#3937);
#2966=VERTEX_POINT('',#3938);
#2967=LINE('',#3939,#3940);
#2968=LINE('',#3941,#3942);
#2969=LINE('',#3943,#3944);
#2970=LINE('',#3945,#3946);
#2971=LINE('',#3947,#3948);
#2972=VERTEX_POINT('',#3949);
#2973=CIRCLE('',#3950,0.1);
#2974=VERTEX_POINT('',#3951);
#2975=CIRCLE('',#3952,0.1);
#2976=LINE('',#3953,#3954);
#2977=VERTEX_POINT('',#3955);
#2978=LINE('',#3956,#3957);
#2979=VERTEX_POINT('',#3958);
#2980=LINE('',#3959,#3960);
#2981=VERTEX_POINT('',#3961);
#2982=LINE('',#3962,#3963);
#2983=VERTEX_POINT('',#3964);
#2984=LINE('',#3965,#3966);
#2985=LINE('',#3967,#3968);
#2986=VERTEX_POINT('',#3969);
#2987=LINE('',#3970,#3971);
#2988=VERTEX_POINT('',#3972);
#2989=LINE('',#3973,#3974);
#2990=VERTEX_POINT('',#3975);
#2991=LINE('',#3976,#3977);
#2992=VERTEX_POINT('',#3978);
#2993=LINE('',#3979,#3980);
#2994=LINE('',#3981,#3982);
#2995=LINE('',#3983,#3984);
#2996=LINE('',#3985,#3986);
#2997=LINE('',#3987,#3988);
#2998=LINE('',#3989,#3990);
#2999=VERTEX_POINT('',#3991);
#3000=VERTEX_POINT('',#3992);
#3001=LINE('',#3993,#3994);
#3002=VERTEX_POINT('',#3995);
#3003=LINE('',#3996,#3997);
#3004=VERTEX_POINT('',#3998);
#3005=LINE('',#3999,#4000);
#3006=LINE('',#4001,#4002);
#3007=VERTEX_POINT('',#4003);
#3008=LINE('',#4004,#4005);
#3009=VERTEX_POINT('',#4006);
#3010=LINE('',#4007,#4008);
#3011=LINE('',#4009,#4010);
#3012=VERTEX_POINT('',#4011);
#3013=LINE('',#4012,#4013);
#3014=VERTEX_POINT('',#4014);
#3015=LINE('',#4015,#4016);
#3016=LINE('',#4017,#4018);
#3017=CIRCLE('',#4019,0.25);
#3018=CIRCLE('',#4020,0.1);
#3019=CIRCLE('',#4021,0.1);
#3020=CIRCLE('',#4022,0.25);
#3021=VERTEX_POINT('',#4023);
#3022=LINE('',#4024,#4025);
#3023=VERTEX_POINT('',#4026);
#3024=CIRCLE('',#4027,0.2);
#3025=VERTEX_POINT('',#4028);
#3026=LINE('',#4029,#4030);
#3027=VERTEX_POINT('',#4031);
#3028=LINE('',#4032,#4033);
#3029=VERTEX_POINT('',#4034);
#3030=LINE('',#4035,#4036);
#3031=VERTEX_POINT('',#4037);
#3032=CIRCLE('',#4038,0.0499999999999998);
#3033=LINE('',#4039,#4040);
#3034=VERTEX_POINT('',#4041);
#3035=LINE('',#4042,#4043);
#3036=VERTEX_POINT('',#4044);
#3037=CIRCLE('',#4045,0.0499999999999998);
#3038=VERTEX_POINT('',#4046);
#3039=LINE('',#4047,#4048);
#3040=VERTEX_POINT('',#4049);
#3041=CIRCLE('',#4050,0.1);
#3042=LINE('',#4051,#4052);
#3043=VERTEX_POINT('',#4053);
#3044=LINE('',#4054,#4055);
#3045=VERTEX_POINT('',#4056);
#3046=CIRCLE('',#4057,0.1);
#3047=VERTEX_POINT('',#4058);
#3048=LINE('',#4059,#4060);
#3049=VERTEX_POINT('',#4061);
#3050=CIRCLE('',#4062,0.0499999999999998);
#3051=LINE('',#4063,#4064);
#3052=VERTEX_POINT('',#4065);
#3053=VERTEX_POINT('',#4066);
#3054=LINE('',#4067,#4068);
#3055=CIRCLE('',#4069,0.2);
#3056=LINE('',#4070,#4071);
#3057=VERTEX_POINT('',#4072);
#3058=CIRCLE('',#4073,0.0499999999999998);
#3059=VERTEX_POINT('',#4074);
#3060=LINE('',#4075,#4076);
#3061=LINE('',#4077,#4078);
#3062=LINE('',#4079,#4080);
#3063=LINE('',#4081,#4082);
#3064=LINE('',#4083,#4084);
#3065=LINE('',#4085,#4086);
#3066=LINE('',#4087,#4088);
#3067=LINE('',#4089,#4090);
#3068=LINE('',#4091,#4092);
#3069=VERTEX_POINT('',#4093);
#3070=VERTEX_POINT('',#4094);
#3071=LINE('',#4095,#4096);
#3072=VERTEX_POINT('',#4097);
#3073=LINE('',#4098,#4099);
#3074=VERTEX_POINT('',#4100);
#3075=LINE('',#4101,#4102);
#3076=LINE('',#4103,#4104);
#3077=VERTEX_POINT('',#4105);
#3078=LINE('',#4106,#4107);
#3079=VERTEX_POINT('',#4108);
#3080=LINE('',#4109,#4110);
#3081=LINE('',#4111,#4112);
#3082=VERTEX_POINT('',#4113);
#3083=LINE('',#4114,#4115);
#3084=VERTEX_POINT('',#4116);
#3085=LINE('',#4117,#4118);
#3086=LINE('',#4119,#4120);
#3087=CIRCLE('',#4121,0.25);
#3088=CIRCLE('',#4122,0.1);
#3089=CIRCLE('',#4123,0.1);
#3090=CIRCLE('',#4124,0.25);
#3091=VERTEX_POINT('',#4125);
#3092=LINE('',#4126,#4127);
#3093=VERTEX_POINT('',#4128);
#3094=LINE('',#4129,#4130);
#3095=VERTEX_POINT('',#4131);
#3096=CIRCLE('',#4132,0.0499999999999998);
#3097=VERTEX_POINT('',#4133);
#3098=LINE('',#4134,#4135);
#3099=VERTEX_POINT('',#4136);
#3100=LINE('',#4137,#4138);
#3101=VERTEX_POINT('',#4139);
#3102=LINE('',#4140,#4141);
#3103=CIRCLE('',#4142,0.2);
#3104=VERTEX_POINT('',#4143);
#3105=LINE('',#4144,#4145);
#3106=VERTEX_POINT('',#4146);
#3107=CIRCLE('',#4147,0.0499999999999998);
#3108=VERTEX_POINT('',#4148);
#3109=LINE('',#4149,#4150);
#3110=VERTEX_POINT('',#4151);
#3111=CIRCLE('',#4152,0.1);
#3112=LINE('',#4153,#4154);
#3113=VERTEX_POINT('',#4155);
#3114=LINE('',#4156,#4157);
#3115=VERTEX_POINT('',#4158);
#3116=CIRCLE('',#4159,0.1);
#3117=VERTEX_POINT('',#4160);
#3118=LINE('',#4161,#4162);
#3119=VERTEX_POINT('',#4163);
#3120=CIRCLE('',#4164,0.0499999999999998);
#3121=LINE('',#4165,#4166);
#3122=VERTEX_POINT('',#4167);
#3123=CIRCLE('',#4168,0.0499999999999998);
#3124=LINE('',#4169,#4170);
#3125=VERTEX_POINT('',#4171);
#3126=CIRCLE('',#4172,0.2);
#3127=VERTEX_POINT('',#4173);
#3128=LINE('',#4174,#4175);
#3129=VERTEX_POINT('',#4176);
#3130=LINE('',#4177,#4178);
#3131=LINE('',#4179,#4180);
#3132=LINE('',#4181,#4182);
#3133=LINE('',#4183,#4184);
#3134=LINE('',#4185,#4186);
#3135=LINE('',#4187,#4188);
#3136=LINE('',#4189,#4190);
#3137=LINE('',#4191,#4192);
#3138=LINE('',#4193,#4194);
#3139=VERTEX_POINT('',#4195);
#3140=LINE('',#4196,#4197);
#3141=VERTEX_POINT('',#4198);
#3142=LINE('',#4199,#4200);
#3143=LINE('',#4201,#4202);
#3144=VERTEX_POINT('',#4203);
#3145=LINE('',#4204,#4205);
#3146=LINE('',#4206,#4207);
#3147=LINE('',#4208,#4209);
#3148=CARTESIAN_POINT('',(-5.235,6.4,0.439999999999996));
#3149=CARTESIAN_POINT('',(-5.225,6.4,0.439999999999996));
#3150=CARTESIAN_POINT('',(2.235,6.4,0.439999999999996));
#3151=VECTOR('',#4210,1.0);
#3152=CARTESIAN_POINT('',(-5.225,6.4,1.71000000000008));
#3153=CARTESIAN_POINT('',(-5.225,6.4,0.440000000000001));
#3154=VECTOR('',#4211,1.0);
#3155=CARTESIAN_POINT('',(-5.235,6.4,1.71000000000008));
#3156=CARTESIAN_POINT('',(2.235,6.4,1.71000000000008));
#3157=VECTOR('',#4212,1.0);
#3158=CARTESIAN_POINT('',(-5.235,6.4,0.439999999999996));
#3159=VECTOR('',#4213,1.0);
#3160=CARTESIAN_POINT('',(-5.075,6.4,1.71000000000008));
#3161=CARTESIAN_POINT('',(-5.065,6.4,1.71000000000008));
#3162=CARTESIAN_POINT('',(2.235,6.4,1.71000000000008));
#3163=VECTOR('',#4214,1.0);
#3164=CARTESIAN_POINT('',(-5.075,6.4,0.439999999999996));
#3165=CARTESIAN_POINT('',(-5.075,6.4,0.439999999999996));
#3166=VECTOR('',#4215,1.0);
#3167=CARTESIAN_POINT('',(-3.925,6.4,0.439999999999996));
#3168=CARTESIAN_POINT('',(2.235,6.4,0.439999999999996));
#3169=VECTOR('',#4216,1.0);
#3170=CARTESIAN_POINT('',(-3.925,6.4,0.239999999999995));
#3171=CARTESIAN_POINT('',(-3.925,6.4,0.439999999999996));
#3172=VECTOR('',#4217,1.0);
#3173=CARTESIAN_POINT('',(-3.145,6.4,0.239999999999994));
#3174=CARTESIAN_POINT('',(-3.925,6.4,0.239999999999995));
#3175=VECTOR('',#4218,1.0);
#3176=CARTESIAN_POINT('',(-3.145,6.4,0.369999999999994));
#3177=CARTESIAN_POINT('',(-3.145,6.4,0.369999999999994));
#3178=VECTOR('',#4219,1.0);
#3179=CARTESIAN_POINT('',(-3.15,6.4,0.36999999999996));
#3180=CARTESIAN_POINT('',(2.235,6.4,0.36999999999996));
#3181=VECTOR('',#4220,1.0);
#3182=CARTESIAN_POINT('',(-3.15,6.4,1.08999999999996));
#3183=CARTESIAN_POINT('',(-3.15,6.4,0.439999999999996));
#3184=VECTOR('',#4221,1.0);
#3185=CARTESIAN_POINT('',(-2.85,6.4,1.08999999999996));
#3186=CARTESIAN_POINT('',(2.235,6.4,1.08999999999996));
#3187=VECTOR('',#4222,1.0);
#3188=CARTESIAN_POINT('',(-2.85,6.4,0.36999999999996));
#3189=CARTESIAN_POINT('',(-2.85,6.4,0.439999999999996));
#3190=VECTOR('',#4223,1.0);
#3191=CARTESIAN_POINT('',(-2.855,6.4,0.369999999999994));
#3192=CARTESIAN_POINT('',(2.235,6.4,0.36999999999996));
#3193=VECTOR('',#4224,1.0);
#3194=CARTESIAN_POINT('',(-2.855,6.4,0.239999999999994));
#3195=CARTESIAN_POINT('',(-2.855,6.4,0.369999999999994));
#3196=VECTOR('',#4225,1.0);
#3197=CARTESIAN_POINT('',(-1.645,6.4,0.239999999999994));
#3198=CARTESIAN_POINT('',(-3.925,6.4,0.239999999999995));
#3199=VECTOR('',#4226,1.0);
#3200=CARTESIAN_POINT('',(-1.645,6.4,0.369999999999994));
#3201=CARTESIAN_POINT('',(-1.645,6.4,0.369999999999994));
#3202=VECTOR('',#4227,1.0);
#3203=CARTESIAN_POINT('',(-1.65,6.4,0.36999999999996));
#3204=CARTESIAN_POINT('',(2.235,6.4,0.36999999999996));
#3205=VECTOR('',#4228,1.0);
#3206=CARTESIAN_POINT('',(-1.65,6.4,1.08999999999996));
#3207=CARTESIAN_POINT('',(-1.65,6.4,0.439999999999996));
#3208=VECTOR('',#4229,1.0);
#3209=CARTESIAN_POINT('',(-1.35,6.4,1.08999999999996));
#3210=CARTESIAN_POINT('',(2.235,6.4,1.08999999999996));
#3211=VECTOR('',#4230,1.0);
#3212=CARTESIAN_POINT('',(-1.35,6.4,0.36999999999996));
#3213=CARTESIAN_POINT('',(-1.35,6.4,0.439999999999996));
#3214=VECTOR('',#4231,1.0);
#3215=CARTESIAN_POINT('',(-1.355,6.4,0.369999999999994));
#3216=CARTESIAN_POINT('',(2.235,6.4,0.36999999999996));
#3217=VECTOR('',#4232,1.0);
#3218=CARTESIAN_POINT('',(-1.355,6.4,0.239999999999994));
#3219=CARTESIAN_POINT('',(-1.355,6.4,0.369999999999994));
#3220=VECTOR('',#4233,1.0);
#3221=CARTESIAN_POINT('',(-0.144999999999999,6.4,0.239999999999994));
#3222=CARTESIAN_POINT('',(-3.925,6.4,0.239999999999995));
#3223=VECTOR('',#4234,1.0);
#3224=CARTESIAN_POINT('',(-0.144999999999999,6.4,0.369999999999994));
#3225=CARTESIAN_POINT('',(-0.144999999999999,6.4,0.369999999999994));
#3226=VECTOR('',#4235,1.0);
#3227=CARTESIAN_POINT('',(-0.15,6.4,0.36999999999996));
#3228=CARTESIAN_POINT('',(2.235,6.4,0.36999999999996));
#3229=VECTOR('',#4236,1.0);
#3230=CARTESIAN_POINT('',(-0.15,6.4,1.08999999999996));
#3231=CARTESIAN_POINT('',(-0.15,6.4,0.439999999999996));
#3232=VECTOR('',#4237,1.0);
#3233=CARTESIAN_POINT('',(0.15,6.4,1.08999999999996));
#3234=CARTESIAN_POINT('',(2.235,6.4,1.08999999999996));
#3235=VECTOR('',#4238,1.0);
#3236=CARTESIAN_POINT('',(0.15,6.4,0.36999999999996));
#3237=CARTESIAN_POINT('',(0.15,6.4,0.439999999999996));
#3238=VECTOR('',#4239,1.0);
#3239=CARTESIAN_POINT('',(0.145000000000001,6.4,0.369999999999994));
#3240=CARTESIAN_POINT('',(2.235,6.4,0.36999999999996));
#3241=VECTOR('',#4240,1.0);
#3242=CARTESIAN_POINT('',(0.145000000000001,6.4,0.239999999999994));
#3243=CARTESIAN_POINT('',(0.145000000000001,6.4,0.369999999999994));
#3244=VECTOR('',#4241,1.0);
#3245=CARTESIAN_POINT('',(0.924999999999999,6.4,0.239999999999994));
#3246=CARTESIAN_POINT('',(-3.925,6.4,0.239999999999995));
#3247=VECTOR('',#4242,1.0);
#3248=CARTESIAN_POINT('',(0.924999999999999,6.4,0.439999999999993));
#3249=CARTESIAN_POINT('',(0.924999999999999,6.4,0.239999999999994));
#3250=VECTOR('',#4243,1.0);
#3251=CARTESIAN_POINT('',(2.075,6.4,0.439999999999996));
#3252=CARTESIAN_POINT('',(2.235,6.4,0.439999999999996));
#3253=VECTOR('',#4244,1.0);
#3254=CARTESIAN_POINT('',(2.075,6.4,1.71000000000008));
#3255=CARTESIAN_POINT('',(2.075,6.4,0.439999999999996));
#3256=VECTOR('',#4245,1.0);
#3257=CARTESIAN_POINT('',(2.065,6.4,1.71000000000008));
#3258=CARTESIAN_POINT('',(2.235,6.4,1.71000000000008));
#3259=VECTOR('',#4246,1.0);
#3260=CARTESIAN_POINT('',(2.065,6.4,1.54000000000008));
#3261=CARTESIAN_POINT('',(2.065,6.4,1.54000000000008));
#3262=VECTOR('',#4247,1.0);
#3263=CARTESIAN_POINT('',(1.175,6.4,1.54000000000008));
#3264=CARTESIAN_POINT('',(1.175,6.4,1.54000000000008));
#3265=VECTOR('',#4248,1.0);
#3266=CARTESIAN_POINT('',(1.175,6.4,1.76000000000008));
#3267=CARTESIAN_POINT('',(1.175,6.4,1.71000000000008));
#3268=VECTOR('',#4249,1.0);
#3269=CARTESIAN_POINT('',(-4.175,6.4,1.76000000000008));
#3270=CARTESIAN_POINT('',(1.175,6.4,1.76000000000008));
#3271=VECTOR('',#4250,1.0);
#3272=CARTESIAN_POINT('',(-4.175,6.4,1.54));
#3273=CARTESIAN_POINT('',(-4.175,6.4,1.54));
#3274=VECTOR('',#4251,1.0);
#3275=CARTESIAN_POINT('',(-5.065,6.4,1.53999999999999));
#3276=CARTESIAN_POINT('',(-5.065,6.4,1.53999999999999));
#3277=VECTOR('',#4252,1.0);
#3278=CARTESIAN_POINT('',(-5.065,6.4,1.71000000000008));
#3279=VECTOR('',#4253,1.0);
#3280=CARTESIAN_POINT('',(-5.22500000000001,4.9,1.71000000000008));
#3281=CARTESIAN_POINT('',(-5.225,6.4,1.71000000000008));
#3282=VECTOR('',#4254,1.0);
#3283=CARTESIAN_POINT('',(-5.075,4.9,1.71000000000008));
#3284=CARTESIAN_POINT('',(2.235,4.9,1.71000000000008));
#3285=VECTOR('',#4255,1.0);
#3286=CARTESIAN_POINT('',(-5.075,6.4,1.71000000000008));
#3287=VECTOR('',#4256,1.0);
#3288=CARTESIAN_POINT('',(-5.065,4.75,1.71000000000008));
#3289=CARTESIAN_POINT('',(-5.065,4.75,1.71000000000008));
#3290=VECTOR('',#4257,1.0);
#3291=CARTESIAN_POINT('',(-4.175,4.75,1.71000000000008));
#3292=CARTESIAN_POINT('',(-4.175,4.75,1.71000000000008));
#3293=VECTOR('',#4258,1.0);
#3294=CARTESIAN_POINT('',(-4.175,2.05,1.71000000000008));
#3295=CARTESIAN_POINT('',(-4.175,5.35,1.71000000000008));
#3296=VECTOR('',#4259,1.0);
#3297=CARTESIAN_POINT('',(-5.235,2.05,1.71000000000008));
#3298=CARTESIAN_POINT('',(2.235,2.05,1.71000000000008));
#3299=VECTOR('',#4260,1.0);
#3300=CARTESIAN_POINT('',(-5.235,6.4,1.71000000000008));
#3301=VECTOR('',#4261,1.0);
#3302=CARTESIAN_POINT('',(-5.225,2.2,0.439999999999996));
#3303=CARTESIAN_POINT('',(-5.075,2.2,0.439999999999996));
#3304=CARTESIAN_POINT('',(2.235,2.2,0.439999999999996));
#3305=VECTOR('',#4262,1.0);
#3306=CARTESIAN_POINT('',(-5.225,2.05,0.439999999999996));
#3307=VECTOR('',#4263,1.0);
#3308=CARTESIAN_POINT('',(-5.235,2.05,0.439999999999996));
#3309=CARTESIAN_POINT('',(-5.235,2.05,0.439999999999996));
#3310=VECTOR('',#4264,1.0);
#3311=CARTESIAN_POINT('',(-5.065,2.05,0.439999999999996));
#3312=CARTESIAN_POINT('',(2.235,2.05,0.439999999999996));
#3313=VECTOR('',#4265,1.0);
#3314=CARTESIAN_POINT('',(-5.065,2.35,0.439999999999996));
#3315=CARTESIAN_POINT('',(-5.065,2.35,0.439999999999996));
#3316=VECTOR('',#4266,1.0);
#3317=CARTESIAN_POINT('',(-3.925,2.35,0.439999999999996));
#3318=CARTESIAN_POINT('',(-3.925,2.35,0.439999999999996));
#3319=VECTOR('',#4267,1.0);
#3320=CARTESIAN_POINT('',(-3.925,4.25,0.439999999999996));
#3321=VECTOR('',#4268,1.0);
#3322=CARTESIAN_POINT('',(-5.075,2.05,0.439999999999996));
#3323=VECTOR('',#4269,1.0);
#3324=CARTESIAN_POINT('',(2.065,2.35,0.199999999999999));
#3325=CARTESIAN_POINT('',(2.065,3.85,0.199999999999999));
#3326=CARTESIAN_POINT('',(2.065,2.05,0.199999999999999));
#3327=VECTOR('',#4270,1.0);
#3328=CARTESIAN_POINT('',(2.625,3.85,0.2));
#3329=CARTESIAN_POINT('',(2.065,3.85,0.199999999999999));
#3330=VECTOR('',#4271,1.0);
#3331=CARTESIAN_POINT('',(2.625,2.05,0.199999999999998));
#3332=CARTESIAN_POINT('',(2.625,3.85,0.199999999999998));
#3333=VECTOR('',#4272,1.0);
#3334=CARTESIAN_POINT('',(2.065,2.05,0.2));
#3335=CARTESIAN_POINT('',(2.625,2.05,0.199999999999998));
#3336=VECTOR('',#4273,1.0);
#3337=CARTESIAN_POINT('',(2.065,2.05,0.199999999999999));
#3338=VECTOR('',#4274,1.0);
#3339=CARTESIAN_POINT('',(2.08005102572168,3.7,0.199999999999999));
#3340=CARTESIAN_POINT('',(2.08005102572168,2.2,0.199999999999999));
#3341=CARTESIAN_POINT('',(2.08005102572168,2.2,0.199999999999999));
#3342=VECTOR('',#4275,1.0);
#3343=CARTESIAN_POINT('',(2.23839745962156,2.2,0.199999999999999));
#3344=CARTESIAN_POINT('',(-1.98447719070999E-17,2.2,0.199999999999998));
#3345=VECTOR('',#4276,1.0);
#3346=CARTESIAN_POINT('',(2.23839745962156,3.7,0.199999999999999));
#3347=CARTESIAN_POINT('',(2.23839745962156,2.2,0.199999999999999));
#3348=VECTOR('',#4277,1.0);
#3349=CARTESIAN_POINT('',(-1.98447719071023E-17,3.7,0.199999999999998));
#3350=VECTOR('',#4278,1.0);
#3351=CARTESIAN_POINT('',(-2.855,4.6,0.369999999999994));
#3352=CARTESIAN_POINT('',(-2.855,4.7,0.369999999999994));
#3353=CARTESIAN_POINT('',(-2.855,4.6,0.369999999999994));
#3354=VECTOR('',#4279,1.0);
#3355=CARTESIAN_POINT('',(-3.145,4.7,0.369999999999994));
#3356=CARTESIAN_POINT('',(-2.85,4.7,0.36999999999996));
#3357=VECTOR('',#4280,1.0);
#3358=CARTESIAN_POINT('',(-3.145,4.6,0.369999999999994));
#3359=CARTESIAN_POINT('',(-3.145,6.4,0.369999999999994));
#3360=VECTOR('',#4281,1.0);
#3361=CARTESIAN_POINT('',(-3.145,4.6,0.369999999999994));
#3362=VECTOR('',#4282,1.0);
#3363=CARTESIAN_POINT('',(-3.15,7.79,0.0399999999999866));
#3364=CARTESIAN_POINT('',(-2.85,7.79,0.0399999999999872));
#3365=CARTESIAN_POINT('',(-5.625,7.79,0.0399999999999812));
#3366=VECTOR('',#4283,1.0);
#3367=CARTESIAN_POINT('',(-2.85,8.15,0.039999999999981));
#3368=CARTESIAN_POINT('',(-2.85,8.15,0.0399999999999872));
#3369=VECTOR('',#4284,1.0);
#3370=CARTESIAN_POINT('',(-1.65,8.15,0.0399999999999898));
#3371=CARTESIAN_POINT('',(-5.625,8.15,0.0399999999999812));
#3372=VECTOR('',#4285,1.0);
#3373=CARTESIAN_POINT('',(-1.65,7.79,0.0399999999999898));
#3374=CARTESIAN_POINT('',(-1.65,8.15,0.0399999999999898));
#3375=VECTOR('',#4286,1.0);
#3376=CARTESIAN_POINT('',(-1.35,7.79,0.0399999999999905));
#3377=CARTESIAN_POINT('',(-5.625,7.79,0.0399999999999812));
#3378=VECTOR('',#4287,1.0);
#3379=CARTESIAN_POINT('',(-1.35,8.15,0.039999999999981));
#3380=CARTESIAN_POINT('',(-1.35,8.15,0.0399999999999905));
#3381=VECTOR('',#4288,1.0);
#3382=CARTESIAN_POINT('',(-0.15,8.15,0.0399999999999931));
#3383=CARTESIAN_POINT('',(-5.625,8.15,0.0399999999999812));
#3384=VECTOR('',#4289,1.0);
#3385=CARTESIAN_POINT('',(-0.15,7.79,0.0399999999999931));
#3386=CARTESIAN_POINT('',(-0.15,8.15,0.0399999999999931));
#3387=VECTOR('',#4290,1.0);
#3388=CARTESIAN_POINT('',(0.15,7.79,0.0399999999999938));
#3389=CARTESIAN_POINT('',(-5.625,7.79,0.0399999999999812));
#3390=VECTOR('',#4291,1.0);
#3391=CARTESIAN_POINT('',(0.15,8.15,0.039999999999981));
#3392=CARTESIAN_POINT('',(0.15,8.15,0.0399999999999938));
#3393=VECTOR('',#4292,1.0);
#3394=CARTESIAN_POINT('',(2.625,8.15,0.0399999999999991));
#3395=CARTESIAN_POINT('',(-5.625,8.15,0.0399999999999812));
#3396=VECTOR('',#4293,1.0);
#3397=CARTESIAN_POINT('',(2.625,3.85,0.0399999999999997));
#3398=CARTESIAN_POINT('',(2.625,8.15,0.0399999999999991));
#3399=VECTOR('',#4294,1.0);
#3400=CARTESIAN_POINT('',(2.065,3.85,0.0399999999999994));
#3401=CARTESIAN_POINT('',(2.065,3.85,0.0399999999999994));
#3402=VECTOR('',#4295,1.0);
#3403=CARTESIAN_POINT('',(2.065,2.35,0.0399999999999994));
#3404=CARTESIAN_POINT('',(2.065,2.05,0.0399999999999994));
#3405=VECTOR('',#4296,1.0);
#3406=CARTESIAN_POINT('',(0.924999999999999,2.35,0.0399999999999953));
#3407=CARTESIAN_POINT('',(2.06499999999999,2.35,0.0399999999999979));
#3408=VECTOR('',#4297,1.0);
#3409=CARTESIAN_POINT('',(0.925,4.25,0.0399999999999901));
#3410=CARTESIAN_POINT('',(0.924999999999999,2.35,0.0399999999999953));
#3411=VECTOR('',#4298,1.0);
#3412=CARTESIAN_POINT('',(-3.925,4.25,0.0399999999999849));
#3413=CARTESIAN_POINT('',(0.924999999999993,4.25,0.0399999999999953));
#3414=VECTOR('',#4299,1.0);
#3415=CARTESIAN_POINT('',(-3.925,2.35,0.0399999999999836));
#3416=CARTESIAN_POINT('',(-3.925,4.25,0.0399999999999849));
#3417=VECTOR('',#4300,1.0);
#3418=CARTESIAN_POINT('',(-5.065,2.35,0.0399999999999977));
#3419=CARTESIAN_POINT('',(-3.92500000000001,2.35,0.0399999999999849));
#3420=VECTOR('',#4301,1.0);
#3421=CARTESIAN_POINT('',(-5.065,3.85,0.0399999999999977));
#3422=CARTESIAN_POINT('',(-5.065,3.85,0.0399999999999977));
#3423=VECTOR('',#4302,1.0);
#3424=CARTESIAN_POINT('',(-5.625,3.85,0.0399999999999977));
#3425=CARTESIAN_POINT('',(-5.625,3.85,0.0399999999999977));
#3426=VECTOR('',#4303,1.0);
#3427=CARTESIAN_POINT('',(-5.625,8.15,0.039999999999981));
#3428=CARTESIAN_POINT('',(-5.625,8.15,0.039999999999981));
#3429=VECTOR('',#4304,1.0);
#3430=CARTESIAN_POINT('',(-3.15,8.15,0.0399999999999866));
#3431=CARTESIAN_POINT('',(-5.625,8.15,0.0399999999999812));
#3432=VECTOR('',#4305,1.0);
#3433=CARTESIAN_POINT('',(-3.15,8.15,0.0399999999999866));
#3434=VECTOR('',#4306,1.0);
#3435=CARTESIAN_POINT('',(-2.85,8.15,0.310501256289297));
#3436=CARTESIAN_POINT('',(-2.85,8.15,0.0));
#3437=VECTOR('',#4307,1.0);
#3438=CARTESIAN_POINT('',(-3.15,8.15,0.310501256289297));
#3439=CARTESIAN_POINT('',(-2.85,8.15,0.310501256289297));
#3440=VECTOR('',#4308,1.0);
#3441=CARTESIAN_POINT('',(-3.15,8.15,0.0));
#3442=VECTOR('',#4309,1.0);
#3443=CARTESIAN_POINT('',(-5.625,8.15,1.99999999999998));
#3444=CARTESIAN_POINT('',(-5.625,8.15,1.99999999999998));
#3445=VECTOR('',#4310,1.0);
#3446=CARTESIAN_POINT('',(2.625,8.15,2.0));
#3447=CARTESIAN_POINT('',(2.625,8.15,2.0));
#3448=VECTOR('',#4311,1.0);
#3449=CARTESIAN_POINT('',(2.625,8.15,0.0399999999999991));
#3450=VECTOR('',#4312,1.0);
#3451=CARTESIAN_POINT('',(0.15,8.15,0.310501256289297));
#3452=CARTESIAN_POINT('',(0.15,8.15,0.0));
#3453=VECTOR('',#4313,1.0);
#3454=CARTESIAN_POINT('',(-0.15,8.15,0.310501256289297));
#3455=CARTESIAN_POINT('',(0.15,8.15,0.310501256289297));
#3456=VECTOR('',#4314,1.0);
#3457=CARTESIAN_POINT('',(-0.15,8.15,0.0));
#3458=VECTOR('',#4315,1.0);
#3459=CARTESIAN_POINT('',(-1.35,8.15,0.310501256289297));
#3460=CARTESIAN_POINT('',(-1.35,8.15,0.0));
#3461=VECTOR('',#4316,1.0);
#3462=CARTESIAN_POINT('',(-1.65,8.15,0.310501256289297));
#3463=CARTESIAN_POINT('',(-1.35,8.15,0.310501256289297));
#3464=VECTOR('',#4317,1.0);
#3465=CARTESIAN_POINT('',(-1.65,8.15,0.0));
#3466=VECTOR('',#4318,1.0);
#3467=CARTESIAN_POINT('',(2.225,6.4,0.439999999999996));
#3468=CARTESIAN_POINT('',(2.225,6.4,1.71000000000008));
#3469=CARTESIAN_POINT('',(2.225,6.4,0.439999999999996));
#3470=VECTOR('',#4319,1.0);
#3471=CARTESIAN_POINT('',(2.235,6.4,0.439999999999996));
#3472=CARTESIAN_POINT('',(2.235,6.4,0.439999999999996));
#3473=VECTOR('',#4320,1.0);
#3474=CARTESIAN_POINT('',(2.235,6.4,1.71000000000008));
#3475=CARTESIAN_POINT('',(2.235,6.4,0.439999999999996));
#3476=VECTOR('',#4321,1.0);
#3477=CARTESIAN_POINT('',(2.235,6.4,1.71000000000008));
#3478=VECTOR('',#4322,1.0);
#3479=CARTESIAN_POINT('',(-1.355,4.6,0.369999999999994));
#3480=CARTESIAN_POINT('',(-1.355,4.7,0.369999999999994));
#3481=CARTESIAN_POINT('',(-1.355,4.6,0.369999999999994));
#3482=VECTOR('',#4323,1.0);
#3483=CARTESIAN_POINT('',(-1.645,4.7,0.369999999999994));
#3484=CARTESIAN_POINT('',(-1.35,4.7,0.36999999999996));
#3485=VECTOR('',#4324,1.0);
#3486=CARTESIAN_POINT('',(-1.645,4.6,0.369999999999994));
#3487=CARTESIAN_POINT('',(-1.645,6.4,0.369999999999994));
#3488=VECTOR('',#4325,1.0);
#3489=CARTESIAN_POINT('',(-1.645,4.6,0.369999999999994));
#3490=VECTOR('',#4326,1.0);
#3491=CARTESIAN_POINT('',(0.145,4.6,0.369999999999994));
#3492=CARTESIAN_POINT('',(0.145000000000001,4.7,0.369999999999994));
#3493=CARTESIAN_POINT('',(0.145,4.6,0.369999999999994));
#3494=VECTOR('',#4327,1.0);
#3495=CARTESIAN_POINT('',(-0.145,4.7,0.369999999999994));
#3496=CARTESIAN_POINT('',(0.15,4.7,0.36999999999996));
#3497=VECTOR('',#4328,1.0);
#3498=CARTESIAN_POINT('',(-0.145,4.6,0.369999999999994));
#3499=CARTESIAN_POINT('',(-0.144999999999999,6.4,0.369999999999994));
#3500=VECTOR('',#4329,1.0);
#3501=CARTESIAN_POINT('',(-0.145,4.6,0.369999999999994));
#3502=VECTOR('',#4330,1.0);
#3503=CARTESIAN_POINT('',(2.075,2.2,0.439999999999996));
#3504=CARTESIAN_POINT('',(2.075,2.05,0.439999999999996));
#3505=VECTOR('',#4331,1.0);
#3506=CARTESIAN_POINT('',(0.924999999999999,2.35,0.439999999999996));
#3507=CARTESIAN_POINT('',(0.924999999999999,2.35,0.439999999999996));
#3508=VECTOR('',#4332,1.0);
#3509=CARTESIAN_POINT('',(2.065,2.35,0.439999999999996));
#3510=CARTESIAN_POINT('',(2.065,2.35,0.439999999999996));
#3511=VECTOR('',#4333,1.0);
#3512=CARTESIAN_POINT('',(2.065,2.05,0.439999999999996));
#3513=CARTESIAN_POINT('',(2.065,2.05,0.439999999999996));
#3514=VECTOR('',#4334,1.0);
#3515=CARTESIAN_POINT('',(2.235,2.05,0.439999999999996));
#3516=CARTESIAN_POINT('',(2.235,2.05,0.439999999999996));
#3517=VECTOR('',#4335,1.0);
#3518=CARTESIAN_POINT('',(2.235,2.05,0.439999999999996));
#3519=VECTOR('',#4336,1.0);
#3520=CARTESIAN_POINT('',(2.225,2.2,0.439999999999996));
#3521=CARTESIAN_POINT('',(2.225,2.05,0.439999999999996));
#3522=VECTOR('',#4337,1.0);
#3523=CARTESIAN_POINT('',(2.235,2.2,0.439999999999996));
#3524=VECTOR('',#4338,1.0);
#3525=CARTESIAN_POINT('',(1.175,5.35,1.76000000000008));
#3526=CARTESIAN_POINT('',(0.675,5.35,1.76000000000008));
#3527=CARTESIAN_POINT('',(1.175,5.35,1.76000000000008));
#3528=VECTOR('',#4339,1.0);
#3529=CARTESIAN_POINT('',(1.175,5.35,2.0));
#3530=CARTESIAN_POINT('',(1.175,5.35,-0.870999999999184));
#3531=VECTOR('',#4340,1.0);
#3532=CARTESIAN_POINT('',(0.675,5.35,2.0));
#3533=CARTESIAN_POINT('',(1.175,5.35,2.0));
#3534=VECTOR('',#4341,1.0);
#3535=CARTESIAN_POINT('',(0.675,5.35,-0.870999999999185));
#3536=VECTOR('',#4342,1.0);
#3537=CARTESIAN_POINT('',(0.675,4.05,1.76000000000008));
#3538=CARTESIAN_POINT('',(0.675,5.35,1.76000000000008));
#3539=VECTOR('',#4343,1.0);
#3540=CARTESIAN_POINT('',(0.675,4.05,2.0));
#3541=CARTESIAN_POINT('',(0.675,5.35,2.0));
#3542=VECTOR('',#4344,1.0);
#3543=CARTESIAN_POINT('',(0.675,4.05,-0.870999999999185));
#3544=VECTOR('',#4345,1.0);
#3545=CARTESIAN_POINT('',(-3.675,4.05,1.76000000000008));
#3546=CARTESIAN_POINT('',(-3.675,5.35,1.76000000000008));
#3547=CARTESIAN_POINT('',(-3.675,4.05,1.76000000000008));
#3548=VECTOR('',#4346,1.0);
#3549=CARTESIAN_POINT('',(-3.675,4.05,2.0));
#3550=CARTESIAN_POINT('',(-3.675,4.05,-0.870999999999187));
#3551=VECTOR('',#4347,1.0);
#3552=CARTESIAN_POINT('',(-3.675,5.35,2.0));
#3553=CARTESIAN_POINT('',(-3.675,4.05,2.0));
#3554=VECTOR('',#4348,1.0);
#3555=CARTESIAN_POINT('',(-3.675,5.35,-0.870999999999187));
#3556=VECTOR('',#4349,1.0);
#3557=CARTESIAN_POINT('',(-4.175,5.35,1.76000000000008));
#3558=CARTESIAN_POINT('',(-3.675,5.35,1.76000000000008));
#3559=VECTOR('',#4350,1.0);
#3560=CARTESIAN_POINT('',(-4.175,5.35,2.0));
#3561=CARTESIAN_POINT('',(-3.675,5.35,2.0));
#3562=VECTOR('',#4351,1.0);
#3563=CARTESIAN_POINT('',(-4.175,5.35,-0.870999999999187));
#3564=VECTOR('',#4352,1.0);
#3565=CARTESIAN_POINT('',(-3.925,4.25,0.239999999999995));
#3566=CARTESIAN_POINT('',(0.924999999999999,4.25,0.239999999999994));
#3567=CARTESIAN_POINT('',(0.925000000000001,4.25,0.239999999999994));
#3568=VECTOR('',#4353,1.0);
#3569=CARTESIAN_POINT('',(-3.925,4.25,-3.51999999999997));
#3570=VECTOR('',#4354,1.0);
#3571=CARTESIAN_POINT('',(0.925,4.25,-3.51999999999997));
#3572=VECTOR('',#4355,1.0);
#3573=CARTESIAN_POINT('',(-1.8,4.85,1.76000000000008));
#3574=CARTESIAN_POINT('',(-1.2,4.85,1.76000000000008));
#3575=CARTESIAN_POINT('',(-1.8,4.85,1.76000000000008));
#3576=VECTOR('',#4356,1.0);
#3577=CARTESIAN_POINT('',(-1.8,4.85,2.0));
#3578=CARTESIAN_POINT('',(-1.8,4.85,-0.870999999999202));
#3579=VECTOR('',#4357,1.0);
#3580=CARTESIAN_POINT('',(-1.2,4.85,2.0));
#3581=CARTESIAN_POINT('',(-1.8,4.85,2.0));
#3582=VECTOR('',#4358,1.0);
#3583=CARTESIAN_POINT('',(-1.2,4.85,-0.870999999999202));
#3584=VECTOR('',#4359,1.0);
#3585=CARTESIAN_POINT('',(-1.8,5.75,1.76000000000008));
#3586=CARTESIAN_POINT('',(-1.8,5.75,1.76000000000008));
#3587=VECTOR('',#4360,1.0);
#3588=CARTESIAN_POINT('',(-1.8,5.75,2.0));
#3589=CARTESIAN_POINT('',(-1.8,5.75,-0.870999999999202));
#3590=VECTOR('',#4361,1.0);
#3591=CARTESIAN_POINT('',(-1.8,5.75,2.0));
#3592=VECTOR('',#4362,1.0);
#3593=CARTESIAN_POINT('',(-1.2,5.75,1.76000000000008));
#3594=CARTESIAN_POINT('',(-1.2,4.85,1.76000000000008));
#3595=VECTOR('',#4363,1.0);
#3596=CARTESIAN_POINT('',(-1.2,5.75,1.99999999999999));
#3597=CARTESIAN_POINT('',(-1.2,4.85,2.0));
#3598=VECTOR('',#4364,1.0);
#3599=CARTESIAN_POINT('',(-1.2,5.75,-0.870999999999202));
#3600=VECTOR('',#4365,1.0);
#3601=CARTESIAN_POINT('',(-1.2,5.75,1.76000000000008));
#3602=VECTOR('',#4366,1.0);
#3603=CARTESIAN_POINT('',(-1.2,5.75,2.0));
#3604=VECTOR('',#4367,1.0);
#3605=CARTESIAN_POINT('',(-5.625,2.05,1.99999999999998));
#3606=CARTESIAN_POINT('',(-5.625,2.05,0.199999999999998));
#3607=CARTESIAN_POINT('',(-5.625,2.05,1.99999999999998));
#3608=VECTOR('',#4368,1.0);
#3609=CARTESIAN_POINT('',(-5.065,2.05,0.199999999999998));
#3610=CARTESIAN_POINT('',(-5.065,2.05,0.199999999999998));
#3611=VECTOR('',#4369,1.0);
#3612=CARTESIAN_POINT('',(-5.065,2.05,-3.51999999999997));
#3613=VECTOR('',#4370,1.0);
#3614=CARTESIAN_POINT('',(-5.235,2.05,1.71000000000008));
#3615=VECTOR('',#4371,1.0);
#3616=CARTESIAN_POINT('',(-4.175,2.05,2.0));
#3617=CARTESIAN_POINT('',(-4.175,2.05,-0.870999999999187));
#3618=VECTOR('',#4372,1.0);
#3619=CARTESIAN_POINT('',(2.625,2.05,2.0));
#3620=VECTOR('',#4373,1.0);
#3621=CARTESIAN_POINT('',(2.065,2.05,-3.51999999999997));
#3622=VECTOR('',#4374,1.0);
#3623=CARTESIAN_POINT('',(2.625,2.05,2.0));
#3624=CARTESIAN_POINT('',(2.625,2.05,0.0399999999999991));
#3625=VECTOR('',#4375,1.0);
#3626=CARTESIAN_POINT('',(1.175,2.05,2.0));
#3627=CARTESIAN_POINT('',(2.625,2.05,2.0));
#3628=VECTOR('',#4376,1.0);
#3629=CARTESIAN_POINT('',(1.175,2.05,1.71000000000008));
#3630=CARTESIAN_POINT('',(1.175,2.05,-0.870999999999185));
#3631=VECTOR('',#4377,1.0);
#3632=CARTESIAN_POINT('',(2.235,2.05,1.71000000000008));
#3633=CARTESIAN_POINT('',(2.235,2.05,1.71000000000008));
#3634=VECTOR('',#4378,1.0);
#3635=CARTESIAN_POINT('',(2.235,2.05,1.71000000000008));
#3636=VECTOR('',#4379,1.0);
#3637=CARTESIAN_POINT('',(-5.625,3.85,0.199999999999998));
#3638=CARTESIAN_POINT('',(-5.625,3.85,0.199999999999998));
#3639=VECTOR('',#4380,1.0);
#3640=CARTESIAN_POINT('',(-5.625,2.05,0.199999999999998));
#3641=VECTOR('',#4381,1.0);
#3642=CARTESIAN_POINT('',(-5.625,8.15,1.99999999999998));
#3643=VECTOR('',#4382,1.0);
#3644=CARTESIAN_POINT('',(2.075,4.9,1.71000000000008));
#3645=CARTESIAN_POINT('',(2.075,6.4,1.71000000000008));
#3646=VECTOR('',#4383,1.0);
#3647=CARTESIAN_POINT('',(2.225,4.9,1.71000000000008));
#3648=CARTESIAN_POINT('',(2.235,4.9,1.71000000000008));
#3649=VECTOR('',#4384,1.0);
#3650=CARTESIAN_POINT('',(2.225,6.4,1.71000000000008));
#3651=VECTOR('',#4385,1.0);
#3652=CARTESIAN_POINT('',(2.235,6.4,1.71000000000008));
#3653=VECTOR('',#4386,1.0);
#3654=CARTESIAN_POINT('',(1.175,4.75,1.71000000000008));
#3655=CARTESIAN_POINT('',(1.175,2.05,1.71000000000008));
#3656=VECTOR('',#4387,1.0);
#3657=CARTESIAN_POINT('',(2.065,4.75,1.71000000000008));
#3658=CARTESIAN_POINT('',(2.065,4.75,1.71000000000008));
#3659=VECTOR('',#4388,1.0);
#3660=CARTESIAN_POINT('',(2.065,4.75,1.71000000000008));
#3661=VECTOR('',#4389,1.0);
#3662=CARTESIAN_POINT('',(2.625,3.85,0.2));
#3663=VECTOR('',#4390,1.0);
#3664=CARTESIAN_POINT('',(2.625,8.15,2.0));
#3665=VECTOR('',#4391,1.0);
#3666=CARTESIAN_POINT('',(-3.305,4.91,2.0));
#3667=CARTESIAN_POINT('',(-3.055,4.41,2.0));
#3668=CARTESIAN_POINT('',(-3.305,4.91,2.0));
#3669=VECTOR('',#4392,1.0);
#3670=CARTESIAN_POINT('',(-2.805,4.91,1.99999999999999));
#3671=CARTESIAN_POINT('',(-2.805,4.91,2.0));
#3672=VECTOR('',#4393,1.0);
#3673=CARTESIAN_POINT('',(-3.055,4.41,2.0));
#3674=VECTOR('',#4394,1.0);
#3675=CARTESIAN_POINT('',(-4.175,5.35,2.0));
#3676=VECTOR('',#4395,1.0);
#3677=CARTESIAN_POINT('',(0.674999999999999,4.05,2.0));
#3678=VECTOR('',#4396,1.0);
#3679=CARTESIAN_POINT('',(1.175,2.05,2.0));
#3680=VECTOR('',#4397,1.0);
#3681=CARTESIAN_POINT('',(1.175,-16.865,1.76000000000008));
#3682=VECTOR('',#4398,1.0);
#3683=CARTESIAN_POINT('',(1.175,4.75,1.54000000000008));
#3684=CARTESIAN_POINT('',(1.175,4.75,1.54000000000008));
#3685=VECTOR('',#4399,1.0);
#3686=CARTESIAN_POINT('',(1.175,4.75,1.71000000000008));
#3687=VECTOR('',#4400,1.0);
#3688=CARTESIAN_POINT('',(1.17499999999999,4.05,1.76000000000008));
#3689=VECTOR('',#4401,1.0);
#3690=CARTESIAN_POINT('',(-4.175,4.75,1.54));
#3691=CARTESIAN_POINT('',(-4.175,4.75,1.54));
#3692=VECTOR('',#4402,1.0);
#3693=CARTESIAN_POINT('',(-4.175,4.75,1.54));
#3694=VECTOR('',#4403,1.0);
#3695=CARTESIAN_POINT('',(-4.175,-16.865,1.76000000000008));
#3696=VECTOR('',#4404,1.0);
#3697=CARTESIAN_POINT('',(2.065,2.35,-3.51999999999997));
#3698=VECTOR('',#4405,1.0);
#3699=CARTESIAN_POINT('',(0.924999999999999,2.35,-3.51999999999997));
#3700=VECTOR('',#4406,1.0);
#3701=CARTESIAN_POINT('',(2.065,2.35,-3.51999999999997));
#3702=VECTOR('',#4407,1.0);
#3703=CARTESIAN_POINT('',(0.924999999999999,-16.865,0.239999999999994));
#3704=VECTOR('',#4408,1.0);
#3705=CARTESIAN_POINT('',(-5.065,2.35,0.199999999999998));
#3706=CARTESIAN_POINT('',(-5.065,3.85,0.199999999999998));
#3707=VECTOR('',#4409,1.0);
#3708=CARTESIAN_POINT('',(-5.065,2.35,-3.51999999999997));
#3709=VECTOR('',#4410,1.0);
#3710=CARTESIAN_POINT('',(-3.925,-16.865,0.239999999999995));
#3711=VECTOR('',#4411,1.0);
#3712=CARTESIAN_POINT('',(-3.925,2.35,-3.51999999999997));
#3713=VECTOR('',#4412,1.0);
#3714=CARTESIAN_POINT('',(-5.065,2.35,-3.51999999999997));
#3715=VECTOR('',#4413,1.0);
#3716=CARTESIAN_POINT('',(-5.065,4.75,1.53999999999999));
#3717=CARTESIAN_POINT('',(-5.065,4.75,1.53999999999999));
#3718=VECTOR('',#4414,1.0);
#3719=CARTESIAN_POINT('',(-5.065,4.75,1.71000000000008));
#3720=VECTOR('',#4415,1.0);
#3721=CARTESIAN_POINT('',(-5.065,4.75,1.53999999999999));
#3722=VECTOR('',#4416,1.0);
#3723=CARTESIAN_POINT('',(2.065,4.75,1.54000000000008));
#3724=CARTESIAN_POINT('',(2.065,4.75,1.54000000000008));
#3725=VECTOR('',#4417,1.0);
#3726=CARTESIAN_POINT('',(1.175,4.75,1.54000000000008));
#3727=VECTOR('',#4418,1.0);
#3728=CARTESIAN_POINT('',(2.065,4.75,1.54000000000008));
#3729=VECTOR('',#4419,1.0);
#3730=CARTESIAN_POINT('',(-5.065,3.85,0.199999999999998));
#3731=CARTESIAN_POINT('',(-5.065,3.85,0.199999999999998));
#3732=VECTOR('',#4420,1.0);
#3733=CARTESIAN_POINT('',(-5.065,3.85,0.199999999999998));
#3734=VECTOR('',#4421,1.0);
#3735=CARTESIAN_POINT('',(-5.625,3.85,0.199999999999998));
#3736=VECTOR('',#4422,1.0);
#3737=CARTESIAN_POINT('',(-5.08005102572168,2.2,0.199999999999998));
#3738=CARTESIAN_POINT('',(-5.23839745962156,2.2,0.199999999999998));
#3739=CARTESIAN_POINT('',(0.0,2.2,0.199999999999998));
#3740=VECTOR('',#4423,1.0);
#3741=CARTESIAN_POINT('',(-5.08005102572168,3.7,0.199999999999998));
#3742=CARTESIAN_POINT('',(-5.08005102572168,2.2,0.199999999999998));
#3743=VECTOR('',#4424,1.0);
#3744=CARTESIAN_POINT('',(-5.23839745962156,3.7,0.199999999999998));
#3745=CARTESIAN_POINT('',(0.0,3.7,0.199999999999998));
#3746=VECTOR('',#4425,1.0);
#3747=CARTESIAN_POINT('',(-5.23839745962156,2.2,0.199999999999998));
#3748=VECTOR('',#4426,1.0);
#3749=CARTESIAN_POINT('',(2.065,3.85,0.199999999999999));
#3750=VECTOR('',#4427,1.0);
#3751=CARTESIAN_POINT('',(-3.145,4.6,0.239999999999995));
#3752=CARTESIAN_POINT('',(-3.145,6.4,0.239999999999994));
#3753=VECTOR('',#4428,1.0);
#3754=CARTESIAN_POINT('',(0.145,4.6,0.239999999999994));
#3755=CARTESIAN_POINT('',(0.145,4.6,0.239999999999994));
#3756=VECTOR('',#4429,1.0);
#3757=CARTESIAN_POINT('',(-0.144999999999999,4.6,0.239999999999994));
#3758=CARTESIAN_POINT('',(-0.145,4.6,0.239999999999994));
#3759=VECTOR('',#4430,1.0);
#3760=CARTESIAN_POINT('',(-0.144999999999999,6.4,0.239999999999994));
#3761=VECTOR('',#4431,1.0);
#3762=CARTESIAN_POINT('',(-1.355,4.6,0.239999999999994));
#3763=CARTESIAN_POINT('',(-1.355,4.6,0.239999999999994));
#3764=VECTOR('',#4432,1.0);
#3765=CARTESIAN_POINT('',(-1.645,4.6,0.239999999999994));
#3766=CARTESIAN_POINT('',(-1.645,4.6,0.239999999999994));
#3767=VECTOR('',#4433,1.0);
#3768=CARTESIAN_POINT('',(-1.645,6.4,0.239999999999994));
#3769=VECTOR('',#4434,1.0);
#3770=CARTESIAN_POINT('',(-2.855,4.6,0.239999999999994));
#3771=CARTESIAN_POINT('',(-2.855,4.6,0.239999999999994));
#3772=VECTOR('',#4435,1.0);
#3773=CARTESIAN_POINT('',(-3.145,4.6,0.239999999999994));
#3774=VECTOR('',#4436,1.0);
#3775=CARTESIAN_POINT('',(-0.145,4.6,0.369999999999994));
#3776=VECTOR('',#4437,1.0);
#3777=CARTESIAN_POINT('',(-0.144999999999999,6.4,0.369999999999994));
#3778=VECTOR('',#4438,1.0);
#3779=CARTESIAN_POINT('',(0.145,4.6,0.369999999999994));
#3780=VECTOR('',#4439,1.0);
#3781=CARTESIAN_POINT('',(0.145,4.6,0.369999999999994));
#3782=VECTOR('',#4440,1.0);
#3783=CARTESIAN_POINT('',(0.15,4.7,1.08999999999996));
#3784=CARTESIAN_POINT('',(0.15,8.06,1.08999999999996));
#3785=VECTOR('',#4441,1.0);
#3786=CARTESIAN_POINT('',(0.15,4.7,0.36999999999996));
#3787=CARTESIAN_POINT('',(0.15,4.7,1.08999999999996));
#3788=VECTOR('',#4442,1.0);
#3789=CARTESIAN_POINT('',(0.15,4.7,0.36999999999996));
#3790=VECTOR('',#4443,1.0);
#3791=CARTESIAN_POINT('',(-0.15,4.7,1.08999999999996));
#3792=CARTESIAN_POINT('',(-0.15,8.06,1.08999999999996));
#3793=VECTOR('',#4444,1.0);
#3794=CARTESIAN_POINT('',(-0.15,4.7,0.36999999999996));
#3795=CARTESIAN_POINT('',(-0.15,4.7,0.36999999999996));
#3796=VECTOR('',#4445,1.0);
#3797=CARTESIAN_POINT('',(-0.15,4.7,1.08999999999996));
#3798=VECTOR('',#4446,1.0);
#3799=CARTESIAN_POINT('',(0.15,4.7,1.08999999999996));
#3800=VECTOR('',#4447,1.0);
#3801=CARTESIAN_POINT('',(0.15,4.7,0.36999999999996));
#3802=VECTOR('',#4448,1.0);
#3803=CARTESIAN_POINT('',(0.15,4.7,0.36999999999996));
#3804=VECTOR('',#4449,1.0);
#3805=CARTESIAN_POINT('',(-0.15,8.16,0.30999999999996));
#3806=AXIS2_PLACEMENT_3D('',#4450,#4451,#4452);
#3807=CARTESIAN_POINT('',(0.15,8.16,0.30999999999996));
#3808=AXIS2_PLACEMENT_3D('',#4453,#4454,#4455);
#3809=CARTESIAN_POINT('',(0.15,8.16,0.30999999999996));
#3810=VECTOR('',#4456,1.0);
#3811=CARTESIAN_POINT('',(0.15,7.79,-4.01154803819637E-14));
#3812=CARTESIAN_POINT('',(0.15,7.79,0.36999999999996));
#3813=VECTOR('',#4457,1.0);
#3814=CARTESIAN_POINT('',(0.15,8.41,-4.01345623401994E-14));
#3815=CARTESIAN_POINT('',(0.15,7.79,-4.01345623401994E-14));
#3816=VECTOR('',#4458,1.0);
#3817=CARTESIAN_POINT('',(0.15,8.49,0.0799999999999598));
#3818=CARTESIAN_POINT('',(0.15,8.41,-4.00790511889682E-14));
#3819=VECTOR('',#4459,1.0);
#3820=CARTESIAN_POINT('',(0.15,8.49,0.30999999999996));
#3821=CARTESIAN_POINT('',(0.15,8.49,0.0799999999999598));
#3822=VECTOR('',#4460,1.0);
#3823=CARTESIAN_POINT('',(0.15,8.49,0.30999999999996));
#3824=VECTOR('',#4461,1.0);
#3825=CARTESIAN_POINT('',(-0.15,7.79,-4.01154803819637E-14));
#3826=CARTESIAN_POINT('',(-0.15,7.79,0.36999999999996));
#3827=VECTOR('',#4462,1.0);
#3828=CARTESIAN_POINT('',(-0.15,8.49,0.30999999999996));
#3829=CARTESIAN_POINT('',(-0.15,8.49,0.30999999999996));
#3830=VECTOR('',#4463,1.0);
#3831=CARTESIAN_POINT('',(-0.15,8.49,0.0799999999999598));
#3832=CARTESIAN_POINT('',(-0.15,8.49,0.0799999999999598));
#3833=VECTOR('',#4464,1.0);
#3834=CARTESIAN_POINT('',(-0.15,8.41,-4.01345623401994E-14));
#3835=CARTESIAN_POINT('',(-0.15,8.41,-4.00790511889682E-14));
#3836=VECTOR('',#4465,1.0);
#3837=CARTESIAN_POINT('',(-0.15,7.79,-4.01345623401994E-14));
#3838=VECTOR('',#4466,1.0);
#3839=CARTESIAN_POINT('',(0.15,7.79,-4.01154803819637E-14));
#3840=VECTOR('',#4467,1.0);
#3841=CARTESIAN_POINT('',(0.15,8.41,-4.01345623401994E-14));
#3842=VECTOR('',#4468,1.0);
#3843=CARTESIAN_POINT('',(0.15,8.49,0.0799999999999598));
#3844=VECTOR('',#4469,1.0);
#3845=CARTESIAN_POINT('',(0.15,8.49,0.30999999999996));
#3846=VECTOR('',#4470,1.0);
#3847=CARTESIAN_POINT('',(-1.645,4.6,0.369999999999994));
#3848=VECTOR('',#4471,1.0);
#3849=CARTESIAN_POINT('',(-1.645,6.4,0.369999999999994));
#3850=VECTOR('',#4472,1.0);
#3851=CARTESIAN_POINT('',(-1.355,4.6,0.369999999999994));
#3852=VECTOR('',#4473,1.0);
#3853=CARTESIAN_POINT('',(-1.355,4.6,0.369999999999994));
#3854=VECTOR('',#4474,1.0);
#3855=CARTESIAN_POINT('',(-1.35,4.7,1.08999999999996));
#3856=CARTESIAN_POINT('',(-1.35,8.06,1.08999999999996));
#3857=VECTOR('',#4475,1.0);
#3858=CARTESIAN_POINT('',(-1.35,4.7,0.36999999999996));
#3859=CARTESIAN_POINT('',(-1.35,4.7,1.08999999999996));
#3860=VECTOR('',#4476,1.0);
#3861=CARTESIAN_POINT('',(-1.35,4.7,0.36999999999996));
#3862=VECTOR('',#4477,1.0);
#3863=CARTESIAN_POINT('',(-1.65,4.7,1.08999999999996));
#3864=CARTESIAN_POINT('',(-1.65,8.06,1.08999999999996));
#3865=VECTOR('',#4478,1.0);
#3866=CARTESIAN_POINT('',(-1.65,4.7,0.36999999999996));
#3867=CARTESIAN_POINT('',(-1.65,4.7,0.36999999999996));
#3868=VECTOR('',#4479,1.0);
#3869=CARTESIAN_POINT('',(-1.65,4.7,1.08999999999996));
#3870=VECTOR('',#4480,1.0);
#3871=CARTESIAN_POINT('',(-1.35,4.7,1.08999999999996));
#3872=VECTOR('',#4481,1.0);
#3873=CARTESIAN_POINT('',(-1.35,4.7,0.36999999999996));
#3874=VECTOR('',#4482,1.0);
#3875=CARTESIAN_POINT('',(-1.35,4.7,0.36999999999996));
#3876=VECTOR('',#4483,1.0);
#3877=CARTESIAN_POINT('',(-1.65,8.16,0.30999999999996));
#3878=AXIS2_PLACEMENT_3D('',#4484,#4485,#4486);
#3879=CARTESIAN_POINT('',(-1.35,8.16,0.30999999999996));
#3880=AXIS2_PLACEMENT_3D('',#4487,#4488,#4489);
#3881=CARTESIAN_POINT('',(-1.35,8.16,0.30999999999996));
#3882=VECTOR('',#4490,1.0);
#3883=CARTESIAN_POINT('',(-1.35,7.79,-4.01154803819637E-14));
#3884=CARTESIAN_POINT('',(-1.35,7.79,0.36999999999996));
#3885=VECTOR('',#4491,1.0);
#3886=CARTESIAN_POINT('',(-1.35,8.41,-4.01345623401994E-14));
#3887=CARTESIAN_POINT('',(-1.35,7.79,-4.01345623401994E-14));
#3888=VECTOR('',#4492,1.0);
#3889=CARTESIAN_POINT('',(-1.35,8.49,0.0799999999999598));
#3890=CARTESIAN_POINT('',(-1.35,8.41,-4.00790511889682E-14));
#3891=VECTOR('',#4493,1.0);
#3892=CARTESIAN_POINT('',(-1.35,8.49,0.30999999999996));
#3893=CARTESIAN_POINT('',(-1.35,8.49,0.0799999999999598));
#3894=VECTOR('',#4494,1.0);
#3895=CARTESIAN_POINT('',(-1.35,8.49,0.30999999999996));
#3896=VECTOR('',#4495,1.0);
#3897=CARTESIAN_POINT('',(-1.65,7.79,-4.01154803819637E-14));
#3898=CARTESIAN_POINT('',(-1.65,7.79,0.36999999999996));
#3899=VECTOR('',#4496,1.0);
#3900=CARTESIAN_POINT('',(-1.65,8.49,0.30999999999996));
#3901=CARTESIAN_POINT('',(-1.65,8.49,0.30999999999996));
#3902=VECTOR('',#4497,1.0);
#3903=CARTESIAN_POINT('',(-1.65,8.49,0.0799999999999598));
#3904=CARTESIAN_POINT('',(-1.65,8.49,0.0799999999999598));
#3905=VECTOR('',#4498,1.0);
#3906=CARTESIAN_POINT('',(-1.65,8.41,-4.01345623401994E-14));
#3907=CARTESIAN_POINT('',(-1.65,8.41,-4.00790511889682E-14));
#3908=VECTOR('',#4499,1.0);
#3909=CARTESIAN_POINT('',(-1.65,7.79,-4.01345623401994E-14));
#3910=VECTOR('',#4500,1.0);
#3911=CARTESIAN_POINT('',(-1.35,7.79,-4.01154803819637E-14));
#3912=VECTOR('',#4501,1.0);
#3913=CARTESIAN_POINT('',(-1.35,8.41,-4.01345623401994E-14));
#3914=VECTOR('',#4502,1.0);
#3915=CARTESIAN_POINT('',(-1.35,8.49,0.0799999999999598));
#3916=VECTOR('',#4503,1.0);
#3917=CARTESIAN_POINT('',(-1.35,8.49,0.30999999999996));
#3918=VECTOR('',#4504,1.0);
#3919=CARTESIAN_POINT('',(-3.145,4.6,0.369999999999994));
#3920=VECTOR('',#4505,1.0);
#3921=CARTESIAN_POINT('',(-3.145,6.4,0.369999999999994));
#3922=VECTOR('',#4506,1.0);
#3923=CARTESIAN_POINT('',(-2.855,4.6,0.369999999999994));
#3924=VECTOR('',#4507,1.0);
#3925=CARTESIAN_POINT('',(-2.855,4.6,0.369999999999994));
#3926=VECTOR('',#4508,1.0);
#3927=CARTESIAN_POINT('',(-2.85,4.7,1.08999999999996));
#3928=CARTESIAN_POINT('',(-2.85,8.06,1.08999999999996));
#3929=VECTOR('',#4509,1.0);
#3930=CARTESIAN_POINT('',(-2.85,4.7,0.36999999999996));
#3931=CARTESIAN_POINT('',(-2.85,4.7,1.08999999999996));
#3932=VECTOR('',#4510,1.0);
#3933=CARTESIAN_POINT('',(-2.85,4.7,0.36999999999996));
#3934=VECTOR('',#4511,1.0);
#3935=CARTESIAN_POINT('',(-3.15,4.7,1.08999999999996));
#3936=CARTESIAN_POINT('',(-3.15,8.06,1.08999999999996));
#3937=VECTOR('',#4512,1.0);
#3938=CARTESIAN_POINT('',(-3.15,4.7,0.36999999999996));
#3939=CARTESIAN_POINT('',(-3.15,4.7,0.36999999999996));
#3940=VECTOR('',#4513,1.0);
#3941=CARTESIAN_POINT('',(-3.15,4.7,1.08999999999996));
#3942=VECTOR('',#4514,1.0);
#3943=CARTESIAN_POINT('',(-2.85,4.7,1.08999999999996));
#3944=VECTOR('',#4515,1.0);
#3945=CARTESIAN_POINT('',(-2.85,4.7,0.36999999999996));
#3946=VECTOR('',#4516,1.0);
#3947=CARTESIAN_POINT('',(-2.85,4.7,0.36999999999996));
#3948=VECTOR('',#4517,1.0);
#3949=CARTESIAN_POINT('',(-3.15,8.16,0.30999999999996));
#3950=AXIS2_PLACEMENT_3D('',#4518,#4519,#4520);
#3951=CARTESIAN_POINT('',(-2.85,8.16,0.30999999999996));
#3952=AXIS2_PLACEMENT_3D('',#4521,#4522,#4523);
#3953=CARTESIAN_POINT('',(-2.85,8.16,0.30999999999996));
#3954=VECTOR('',#4524,1.0);
#3955=CARTESIAN_POINT('',(-2.85,7.79,-4.01154803819637E-14));
#3956=CARTESIAN_POINT('',(-2.85,7.79,0.36999999999996));
#3957=VECTOR('',#4525,1.0);
#3958=CARTESIAN_POINT('',(-2.85,8.41,-4.01345623401994E-14));
#3959=CARTESIAN_POINT('',(-2.85,7.79,-4.01345623401994E-14));
#3960=VECTOR('',#4526,1.0);
#3961=CARTESIAN_POINT('',(-2.85,8.49,0.0799999999999598));
#3962=CARTESIAN_POINT('',(-2.85,8.41,-4.00790511889682E-14));
#3963=VECTOR('',#4527,1.0);
#3964=CARTESIAN_POINT('',(-2.85,8.49,0.30999999999996));
#3965=CARTESIAN_POINT('',(-2.85,8.49,0.0799999999999598));
#3966=VECTOR('',#4528,1.0);
#3967=CARTESIAN_POINT('',(-2.85,8.49,0.30999999999996));
#3968=VECTOR('',#4529,1.0);
#3969=CARTESIAN_POINT('',(-3.15,7.79,-4.01154803819637E-14));
#3970=CARTESIAN_POINT('',(-3.15,7.79,0.36999999999996));
#3971=VECTOR('',#4530,1.0);
#3972=CARTESIAN_POINT('',(-3.15,8.49,0.30999999999996));
#3973=CARTESIAN_POINT('',(-3.15,8.49,0.30999999999996));
#3974=VECTOR('',#4531,1.0);
#3975=CARTESIAN_POINT('',(-3.15,8.49,0.0799999999999598));
#3976=CARTESIAN_POINT('',(-3.15,8.49,0.0799999999999598));
#3977=VECTOR('',#4532,1.0);
#3978=CARTESIAN_POINT('',(-3.15,8.41,-4.01345623401994E-14));
#3979=CARTESIAN_POINT('',(-3.15,8.41,-4.00790511889682E-14));
#3980=VECTOR('',#4533,1.0);
#3981=CARTESIAN_POINT('',(-3.15,7.79,-4.01345623401994E-14));
#3982=VECTOR('',#4534,1.0);
#3983=CARTESIAN_POINT('',(-2.85,7.79,-4.01154803819637E-14));
#3984=VECTOR('',#4535,1.0);
#3985=CARTESIAN_POINT('',(-2.85,8.41,-4.01345623401994E-14));
#3986=VECTOR('',#4536,1.0);
#3987=CARTESIAN_POINT('',(-2.85,8.49,0.0799999999999598));
#3988=VECTOR('',#4537,1.0);
#3989=CARTESIAN_POINT('',(-2.85,8.49,0.30999999999996));
#3990=VECTOR('',#4538,1.0);
#3991=CARTESIAN_POINT('',(3.025,3.7,-2.22044604925031E-16));
#3992=CARTESIAN_POINT('',(2.325,3.7,-1.51788304147971E-15));
#3993=CARTESIAN_POINT('',(11.48,3.7,-2.22044604925031E-16));
#3994=VECTOR('',#4539,1.0);
#3995=CARTESIAN_POINT('',(3.025,2.2,-1.38777878078145E-16));
#3996=CARTESIAN_POINT('',(3.025,2.2,-1.38777878078145E-16));
#3997=VECTOR('',#4540,1.0);
#3998=CARTESIAN_POINT('',(2.325,2.2,-1.51788304147971E-15));
#3999=CARTESIAN_POINT('',(2.325,2.2,-4.16333634234434E-16));
#4000=VECTOR('',#4541,1.0);
#4001=CARTESIAN_POINT('',(2.325,2.2,-1.51788304147971E-15));
#4002=VECTOR('',#4542,1.0);
#4003=CARTESIAN_POINT('',(3.025,3.7,0.15));
#4004=CARTESIAN_POINT('',(3.025,3.7,2.42231003773814E-14));
#4005=VECTOR('',#4543,1.0);
#4006=CARTESIAN_POINT('',(3.025,2.2,0.15));
#4007=CARTESIAN_POINT('',(3.025,2.2,0.15));
#4008=VECTOR('',#4544,1.0);
#4009=CARTESIAN_POINT('',(3.025,2.2,0.0));
#4010=VECTOR('',#4545,1.0);
#4011=CARTESIAN_POINT('',(2.325,3.7,0.149999999999999));
#4012=CARTESIAN_POINT('',(3.025,3.7,0.15));
#4013=VECTOR('',#4546,1.0);
#4014=CARTESIAN_POINT('',(2.325,2.2,0.15));
#4015=CARTESIAN_POINT('',(2.325,2.2,0.15));
#4016=VECTOR('',#4547,1.0);
#4017=CARTESIAN_POINT('',(3.025,2.2,0.15));
#4018=VECTOR('',#4548,1.0);
#4019=AXIS2_PLACEMENT_3D('',#4549,#4550,#4551);
#4020=AXIS2_PLACEMENT_3D('',#4552,#4553,#4554);
#4021=AXIS2_PLACEMENT_3D('',#4555,#4556,#4557);
#4022=AXIS2_PLACEMENT_3D('',#4558,#4559,#4560);
#4023=CARTESIAN_POINT('',(2.225,2.2,1.47));
#4024=CARTESIAN_POINT('',(2.225,2.2,0.25));
#4025=VECTOR('',#4561,1.0);
#4026=CARTESIAN_POINT('',(2.025,2.2,1.67));
#4027=AXIS2_PLACEMENT_3D('',#4562,#4563,#4564);
#4028=CARTESIAN_POINT('',(1.225,2.2,1.67));
#4029=CARTESIAN_POINT('',(2.025,2.2,1.67));
#4030=VECTOR('',#4565,1.0);
#4031=CARTESIAN_POINT('',(1.225,2.2,1.52));
#4032=CARTESIAN_POINT('',(1.225,2.2,1.67));
#4033=VECTOR('',#4566,1.0);
#4034=CARTESIAN_POINT('',(2.025,2.2,1.52));
#4035=CARTESIAN_POINT('',(1.225,2.2,1.52));
#4036=VECTOR('',#4567,1.0);
#4037=CARTESIAN_POINT('',(2.075,2.2,1.47));
#4038=AXIS2_PLACEMENT_3D('',#4568,#4569,#4570);
#4039=CARTESIAN_POINT('',(2.075,2.2,1.47));
#4040=VECTOR('',#4571,1.0);
#4041=CARTESIAN_POINT('',(2.075,4.7,1.47));
#4042=CARTESIAN_POINT('',(2.075,2.2,1.47));
#4043=VECTOR('',#4572,1.0);
#4044=CARTESIAN_POINT('',(2.075,4.75,1.42));
#4045=AXIS2_PLACEMENT_3D('',#4573,#4574,#4575);
#4046=CARTESIAN_POINT('',(2.075,4.8,1.42));
#4047=CARTESIAN_POINT('',(2.075,4.75,1.42));
#4048=VECTOR('',#4576,1.0);
#4049=CARTESIAN_POINT('',(2.075,4.9,1.52));
#4050=AXIS2_PLACEMENT_3D('',#4577,#4578,#4579);
#4051=CARTESIAN_POINT('',(2.075,4.9,1.52));
#4052=VECTOR('',#4580,1.0);
#4053=CARTESIAN_POINT('',(2.225,4.9,1.52));
#4054=CARTESIAN_POINT('',(2.225,4.9,1.52));
#4055=VECTOR('',#4581,1.0);
#4056=CARTESIAN_POINT('',(2.225,4.8,1.42));
#4057=AXIS2_PLACEMENT_3D('',#4582,#4583,#4584);
#4058=CARTESIAN_POINT('',(2.225,4.75,1.42));
#4059=CARTESIAN_POINT('',(2.225,4.75,1.42));
#4060=VECTOR('',#4585,1.0);
#4061=CARTESIAN_POINT('',(2.225,4.7,1.47));
#4062=AXIS2_PLACEMENT_3D('',#4586,#4587,#4588);
#4063=CARTESIAN_POINT('',(2.225,2.2,1.47));
#4064=VECTOR('',#4589,1.0);
#4065=CARTESIAN_POINT('',(2.025,4.7,1.67));
#4066=CARTESIAN_POINT('',(1.225,4.7,1.67));
#4067=CARTESIAN_POINT('',(2.025,4.7,1.67));
#4068=VECTOR('',#4590,1.0);
#4069=AXIS2_PLACEMENT_3D('',#4591,#4592,#4593);
#4070=CARTESIAN_POINT('',(0.740000000000018,4.7,1.47));
#4071=VECTOR('',#4594,1.0);
#4072=CARTESIAN_POINT('',(2.025,4.7,1.52));
#4073=AXIS2_PLACEMENT_3D('',#4595,#4596,#4597);
#4074=CARTESIAN_POINT('',(1.225,4.7,1.52));
#4075=CARTESIAN_POINT('',(1.225,4.7,1.52));
#4076=VECTOR('',#4598,1.0);
#4077=CARTESIAN_POINT('',(1.225,4.7,1.67));
#4078=VECTOR('',#4599,1.0);
#4079=CARTESIAN_POINT('',(2.025,2.2,1.67));
#4080=VECTOR('',#4600,1.0);
#4081=CARTESIAN_POINT('',(1.225,2.2,1.67));
#4082=VECTOR('',#4601,1.0);
#4083=CARTESIAN_POINT('',(1.225,2.2,1.52));
#4084=VECTOR('',#4602,1.0);
#4085=CARTESIAN_POINT('',(2.025,2.2,1.52));
#4086=VECTOR('',#4603,1.0);
#4087=CARTESIAN_POINT('',(0.740000000000018,4.75,1.42));
#4088=VECTOR('',#4604,1.0);
#4089=CARTESIAN_POINT('',(0.740000000000019,4.8,1.42));
#4090=VECTOR('',#4605,1.0);
#4091=CARTESIAN_POINT('',(0.740000000000018,4.9,1.52));
#4092=VECTOR('',#4606,1.0);
#4093=CARTESIAN_POINT('',(-5.325,2.2,0.15));
#4094=CARTESIAN_POINT('',(-5.325,3.7,0.149999999999998));
#4095=CARTESIAN_POINT('',(-5.325,2.2,0.15));
#4096=VECTOR('',#4607,1.0);
#4097=CARTESIAN_POINT('',(-6.025,3.7,0.15));
#4098=CARTESIAN_POINT('',(-6.025,3.7,0.15));
#4099=VECTOR('',#4608,1.0);
#4100=CARTESIAN_POINT('',(-6.025,2.2,0.15));
#4101=CARTESIAN_POINT('',(-6.025,2.2,0.15));
#4102=VECTOR('',#4609,1.0);
#4103=CARTESIAN_POINT('',(-6.025,2.2,0.15));
#4104=VECTOR('',#4610,1.0);
#4105=CARTESIAN_POINT('',(-6.025,3.7,-2.22044604925031E-16));
#4106=CARTESIAN_POINT('',(-6.025,3.7,4.8668245359688E-14));
#4107=VECTOR('',#4611,1.0);
#4108=CARTESIAN_POINT('',(-6.025,2.2,-1.38777878078145E-16));
#4109=CARTESIAN_POINT('',(-6.025,2.2,-1.38777878078145E-16));
#4110=VECTOR('',#4612,1.0);
#4111=CARTESIAN_POINT('',(-6.025,2.2,0.0));
#4112=VECTOR('',#4613,1.0);
#4113=CARTESIAN_POINT('',(-5.325,3.7,-2.22044604925031E-16));
#4114=CARTESIAN_POINT('',(-14.48,3.7,-2.22044604925031E-16));
#4115=VECTOR('',#4614,1.0);
#4116=CARTESIAN_POINT('',(-5.325,2.2,-1.51788304147971E-15));
#4117=CARTESIAN_POINT('',(-5.325,2.2,-1.51788304147971E-15));
#4118=VECTOR('',#4615,1.0);
#4119=CARTESIAN_POINT('',(-5.325,2.2,-4.16333634234434E-16));
#4120=VECTOR('',#4616,1.0);
#4121=AXIS2_PLACEMENT_3D('',#4617,#4618,#4619);
#4122=AXIS2_PLACEMENT_3D('',#4620,#4621,#4622);
#4123=AXIS2_PLACEMENT_3D('',#4623,#4624,#4625);
#4124=AXIS2_PLACEMENT_3D('',#4626,#4627,#4628);
#4125=CARTESIAN_POINT('',(-5.225,2.2,1.47));
#4126=CARTESIAN_POINT('',(-5.225,2.2,0.25));
#4127=VECTOR('',#4629,1.0);
#4128=CARTESIAN_POINT('',(-5.075,2.2,1.47));
#4129=CARTESIAN_POINT('',(-5.075,2.2,1.47));
#4130=VECTOR('',#4630,1.0);
#4131=CARTESIAN_POINT('',(-5.025,2.2,1.52));
#4132=AXIS2_PLACEMENT_3D('',#4631,#4632,#4633);
#4133=CARTESIAN_POINT('',(-4.225,2.2,1.52));
#4134=CARTESIAN_POINT('',(-4.225,2.2,1.52));
#4135=VECTOR('',#4634,1.0);
#4136=CARTESIAN_POINT('',(-4.225,2.2,1.67));
#4137=CARTESIAN_POINT('',(-4.225,2.2,1.67));
#4138=VECTOR('',#4635,1.0);
#4139=CARTESIAN_POINT('',(-5.025,2.2,1.67));
#4140=CARTESIAN_POINT('',(-5.025,2.2,1.67));
#4141=VECTOR('',#4636,1.0);
#4142=AXIS2_PLACEMENT_3D('',#4637,#4638,#4639);
#4143=CARTESIAN_POINT('',(-5.22500000000001,4.7,1.47));
#4144=CARTESIAN_POINT('',(-5.225,2.2,1.47));
#4145=VECTOR('',#4640,1.0);
#4146=CARTESIAN_POINT('',(-5.225,4.75,1.42));
#4147=AXIS2_PLACEMENT_3D('',#4641,#4642,#4643);
#4148=CARTESIAN_POINT('',(-5.225,4.8,1.42));
#4149=CARTESIAN_POINT('',(-5.225,4.75,1.42));
#4150=VECTOR('',#4644,1.0);
#4151=CARTESIAN_POINT('',(-5.225,4.9,1.52));
#4152=AXIS2_PLACEMENT_3D('',#4645,#4646,#4647);
#4153=CARTESIAN_POINT('',(-5.22500000000001,4.9,1.52));
#4154=VECTOR('',#4648,1.0);
#4155=CARTESIAN_POINT('',(-5.075,4.9,1.52));
#4156=CARTESIAN_POINT('',(-5.075,4.9,1.52));
#4157=VECTOR('',#4649,1.0);
#4158=CARTESIAN_POINT('',(-5.075,4.8,1.42));
#4159=AXIS2_PLACEMENT_3D('',#4650,#4651,#4652);
#4160=CARTESIAN_POINT('',(-5.075,4.75,1.42));
#4161=CARTESIAN_POINT('',(-5.075,4.75,1.42));
#4162=VECTOR('',#4653,1.0);
#4163=CARTESIAN_POINT('',(-5.075,4.7,1.47));
#4164=AXIS2_PLACEMENT_3D('',#4654,#4655,#4656);
#4165=CARTESIAN_POINT('',(-5.075,2.2,1.47));
#4166=VECTOR('',#4657,1.0);
#4167=CARTESIAN_POINT('',(-5.025,4.7,1.52));
#4168=AXIS2_PLACEMENT_3D('',#4658,#4659,#4660);
#4169=CARTESIAN_POINT('',(-3.74000000000001,4.7,1.47));
#4170=VECTOR('',#4661,1.0);
#4171=CARTESIAN_POINT('',(-5.025,4.7,1.67));
#4172=AXIS2_PLACEMENT_3D('',#4662,#4663,#4664);
#4173=CARTESIAN_POINT('',(-4.225,4.7,1.67));
#4174=CARTESIAN_POINT('',(-5.025,4.7,1.67));
#4175=VECTOR('',#4665,1.0);
#4176=CARTESIAN_POINT('',(-4.225,4.7,1.52));
#4177=CARTESIAN_POINT('',(-4.225,4.7,1.67));
#4178=VECTOR('',#4666,1.0);
#4179=CARTESIAN_POINT('',(-4.225,4.7,1.52));
#4180=VECTOR('',#4667,1.0);
#4181=CARTESIAN_POINT('',(-5.025,2.2,1.67));
#4182=VECTOR('',#4668,1.0);
#4183=CARTESIAN_POINT('',(-4.225,2.2,1.67));
#4184=VECTOR('',#4669,1.0);
#4185=CARTESIAN_POINT('',(-4.225,2.2,1.52));
#4186=VECTOR('',#4670,1.0);
#4187=CARTESIAN_POINT('',(-5.025,2.2,1.52));
#4188=VECTOR('',#4671,1.0);
#4189=CARTESIAN_POINT('',(-3.74000000000001,4.75,1.42));
#4190=VECTOR('',#4672,1.0);
#4191=CARTESIAN_POINT('',(-3.74000000000001,4.8,1.42));
#4192=VECTOR('',#4673,1.0);
#4193=CARTESIAN_POINT('',(-3.74000000000001,4.9,1.52));
#4194=VECTOR('',#4674,1.0);
#4195=CARTESIAN_POINT('',(-3.055,4.41,1.99));
#4196=CARTESIAN_POINT('',(-3.055,4.41,1.99));
#4197=VECTOR('',#4675,1.0);
#4198=CARTESIAN_POINT('',(-3.305,4.91,1.99));
#4199=CARTESIAN_POINT('',(-3.305,4.91,1.99));
#4200=VECTOR('',#4676,1.0);
#4201=CARTESIAN_POINT('',(-3.305,4.91,1.99));
#4202=VECTOR('',#4677,1.0);
#4203=CARTESIAN_POINT('',(-2.805,4.91,1.99));
#4204=CARTESIAN_POINT('',(-2.805,4.91,1.99));
#4205=VECTOR('',#4678,1.0);
#4206=CARTESIAN_POINT('',(-3.055,4.41,1.99));
#4207=VECTOR('',#4679,1.0);
#4208=CARTESIAN_POINT('',(-2.805,4.91,1.99));
#4209=VECTOR('',#4680,1.0);
#4210=DIRECTION('',(1.0,0.0,0.0));
#4211=DIRECTION('',(6.10818125343946E-16,1.36592399683204E-15,1.0));
#4212=DIRECTION('',(1.0,0.0,0.0));
#4213=DIRECTION('',(0.0,-1.36592399683204E-15,-1.0));
#4214=DIRECTION('',(1.0,0.0,0.0));
#4215=DIRECTION('',(0.0,-1.36592399683204E-15,-1.0));
#4216=DIRECTION('',(1.0,0.0,0.0));
#4217=DIRECTION('',(0.0,4.33680868994199E-15,1.0));
#4218=DIRECTION('',(-1.0,-3.57674943500373E-16,1.22950761828253E-16));
#4219=DIRECTION('',(0.0,0.0,-1.0));
#4220=DIRECTION('',(-1.0,0.0,0.0));
#4221=DIRECTION('',(0.0,-1.36592399683204E-15,-1.0));
#4222=DIRECTION('',(1.0,0.0,0.0));
#4223=DIRECTION('',(0.0,-1.36592399683204E-15,-1.0));
#4224=DIRECTION('',(-1.0,0.0,0.0));
#4225=DIRECTION('',(0.0,0.0,-1.0));
#4226=DIRECTION('',(-1.0,-3.57674943500373E-16,1.22950761828253E-16));
#4227=DIRECTION('',(0.0,0.0,-1.0));
#4228=DIRECTION('',(-1.0,0.0,0.0));
#4229=DIRECTION('',(0.0,-1.36592399683204E-15,-1.0));
#4230=DIRECTION('',(1.0,0.0,0.0));
#4231=DIRECTION('',(0.0,-1.36592399683204E-15,-1.0));
#4232=DIRECTION('',(-1.0,0.0,0.0));
#4233=DIRECTION('',(0.0,0.0,-1.0));
#4234=DIRECTION('',(-1.0,-3.57674943500373E-16,1.22950761828253E-16));
#4235=DIRECTION('',(0.0,0.0,-1.0));
#4236=DIRECTION('',(-1.0,0.0,0.0));
#4237=DIRECTION('',(0.0,-1.36592399683204E-15,-1.0));
#4238=DIRECTION('',(1.0,0.0,0.0));
#4239=DIRECTION('',(0.0,-1.36592399683204E-15,-1.0));
#4240=DIRECTION('',(-1.0,0.0,0.0));
#4241=DIRECTION('',(0.0,0.0,-1.0));
#4242=DIRECTION('',(-1.0,-3.57674943500373E-16,1.22950761828253E-16));
#4243=DIRECTION('',(-1.08420217248551E-15,-4.33680868994204E-15,-1.0));
#4244=DIRECTION('',(1.0,0.0,0.0));
#4245=DIRECTION('',(0.0,-1.36592399683204E-15,-1.0));
#4246=DIRECTION('',(1.0,0.0,0.0));
#4247=DIRECTION('',(2.55106393526001E-15,0.0,1.0));
#4248=DIRECTION('',(1.0,0.0,2.43640937637192E-16));
#4249=DIRECTION('',(1.27553196763001E-15,0.0,-1.0));
#4250=DIRECTION('',(-1.0,0.0,-1.2159276700772E-16));
#4251=DIRECTION('',(0.0,0.0,1.0));
#4252=DIRECTION('',(1.0,0.0,3.1673321892835E-15));
#4253=DIRECTION('',(0.0,0.0,-1.0));
#4254=DIRECTION('',(0.0,-1.0,0.0));
#4255=DIRECTION('',(-1.0,0.0,0.0));
#4256=DIRECTION('',(0.0,1.0,0.0));
#4257=DIRECTION('',(0.0,1.0,0.0));
#4258=DIRECTION('',(-1.0,0.0,2.68005031400912E-15));
#4259=DIRECTION('',(-2.62836890299516E-16,-1.0,0.0));
#4260=DIRECTION('',(-1.0,0.0,0.0));
#4261=DIRECTION('',(0.0,1.0,0.0));
#4262=DIRECTION('',(1.0,0.0,0.0));
#4263=DIRECTION('',(0.0,1.0,0.0));
#4264=DIRECTION('',(0.0,-1.0,0.0));
#4265=DIRECTION('',(-1.0,0.0,0.0));
#4266=DIRECTION('',(0.0,-1.0,0.0));
#4267=DIRECTION('',(-1.0,0.0,0.0));
#4268=DIRECTION('',(0.0,-1.0,0.0));
#4269=DIRECTION('',(0.0,-1.0,0.0));
#4270=DIRECTION('',(0.0,1.0,0.0));
#4271=DIRECTION('',(1.0,0.0,4.96119297677517E-16));
#4272=DIRECTION('',(0.0,1.0,0.0));
#4273=DIRECTION('',(1.0,0.0,0.0));
#4274=DIRECTION('',(0.0,-1.0,0.0));
#4275=DIRECTION('',(0.0,-1.0,0.0));
#4276=DIRECTION('',(1.0,0.0,4.96119297677517E-16));
#4277=DIRECTION('',(0.0,1.0,0.0));
#4278=DIRECTION('',(-1.0,-6.51992267095701E-31,-4.96119297677517E-16));
#4279=DIRECTION('',(2.4093381610789E-16,1.0,0.0));
#4280=DIRECTION('',(-1.0,0.0,0.0));
#4281=DIRECTION('',(-2.4093381610789E-16,-1.0,0.0));
#4282=DIRECTION('',(1.0,0.0,9.34657045246123E-17));
#4283=DIRECTION('',(1.0,0.0,2.17990345892161E-15));
#4284=DIRECTION('',(0.0,1.0,0.0));
#4285=DIRECTION('',(1.0,0.0,2.17990345892161E-15));
#4286=DIRECTION('',(0.0,1.0,0.0));
#4287=DIRECTION('',(1.0,0.0,2.17990345892161E-15));
#4288=DIRECTION('',(0.0,1.0,0.0));
#4289=DIRECTION('',(1.0,0.0,2.17990345892161E-15));
#4290=DIRECTION('',(0.0,1.0,0.0));
#4291=DIRECTION('',(1.0,0.0,2.17990345892161E-15));
#4292=DIRECTION('',(0.0,1.0,0.0));
#4293=DIRECTION('',(1.0,0.0,2.17990345892161E-15));
#4294=DIRECTION('',(0.0,-1.0,0.0));
#4295=DIRECTION('',(-1.0,0.0,-4.96119297677517E-16));
#4296=DIRECTION('',(0.0,-1.0,0.0));
#4297=DIRECTION('',(-1.0,0.0,-2.17990345892161E-15));
#4298=DIRECTION('',(4.56506177888633E-16,1.0,9.95139396198517E-31));
#4299=DIRECTION('',(-1.0,1.78837471750186E-16,-2.17990345892161E-15));
#4300=DIRECTION('',(0.0,-1.0,0.0));
#4301=DIRECTION('',(-1.0,0.0,-2.17990345892161E-15));
#4302=DIRECTION('',(0.0,1.0,0.0));
#4303=DIRECTION('',(-1.0,0.0,0.0));
#4304=DIRECTION('',(0.0,-1.0,0.0));
#4305=DIRECTION('',(1.0,0.0,2.17990345892161E-15));
#4306=DIRECTION('',(0.0,1.0,0.0));
#4307=DIRECTION('',(0.0,0.0,-1.0));
#4308=DIRECTION('',(1.0,0.0,0.0));
#4309=DIRECTION('',(0.0,0.0,-1.0));
#4310=DIRECTION('',(1.7701259958947E-15,0.0,-1.0));
#4311=DIRECTION('',(-1.0,0.0,-1.89242561015652E-15));
#4312=DIRECTION('',(-4.42531498973675E-16,0.0,1.0));
#4313=DIRECTION('',(0.0,0.0,-1.0));
#4314=DIRECTION('',(1.0,0.0,0.0));
#4315=DIRECTION('',(0.0,0.0,-1.0));
#4316=DIRECTION('',(0.0,0.0,-1.0));
#4317=DIRECTION('',(1.0,0.0,0.0));
#4318=DIRECTION('',(0.0,0.0,-1.0));
#4319=DIRECTION('',(-6.10818125343946E-16,1.36592399683204E-15,1.0));
#4320=DIRECTION('',(1.0,0.0,0.0));
#4321=DIRECTION('',(0.0,-1.36592399683204E-15,-1.0));
#4322=DIRECTION('',(1.0,0.0,0.0));
#4323=DIRECTION('',(2.4093381610789E-16,1.0,0.0));
#4324=DIRECTION('',(-1.0,0.0,0.0));
#4325=DIRECTION('',(-1.20466908053945E-16,-1.0,0.0));
#4326=DIRECTION('',(1.0,0.0,9.34657045246125E-17));
#4327=DIRECTION('',(2.71050543121376E-16,1.0,0.0));
#4328=DIRECTION('',(-1.0,0.0,0.0));
#4329=DIRECTION('',(-2.4093381610789E-16,-1.0,0.0));
#4330=DIRECTION('',(1.0,0.0,9.34657045246125E-17));
#4331=DIRECTION('',(0.0,-1.0,0.0));
#4332=DIRECTION('',(4.56506177888633E-16,1.0,0.0));
#4333=DIRECTION('',(-1.0,0.0,0.0));
#4334=DIRECTION('',(0.0,1.0,0.0));
#4335=DIRECTION('',(-1.0,0.0,0.0));
#4336=DIRECTION('',(0.0,-1.0,0.0));
#4337=DIRECTION('',(0.0,1.0,0.0));
#4338=DIRECTION('',(-1.0,0.0,0.0));
#4339=DIRECTION('',(-1.0,0.0,-1.2159276700772E-16));
#4340=DIRECTION('',(0.0,0.0,-1.0));
#4341=DIRECTION('',(-1.0,0.0,-8.67361737988403E-16));
#4342=DIRECTION('',(0.0,0.0,-1.0));
#4343=DIRECTION('',(0.0,-1.0,0.0));
#4344=DIRECTION('',(0.0,-1.0,0.0));
#4345=DIRECTION('',(0.0,0.0,-1.0));
#4346=DIRECTION('',(0.0,1.0,0.0));
#4347=DIRECTION('',(0.0,0.0,-1.0));
#4348=DIRECTION('',(0.0,1.0,0.0));
#4349=DIRECTION('',(0.0,0.0,-1.0));
#4350=DIRECTION('',(-1.0,0.0,-1.2159276700772E-16));
#4351=DIRECTION('',(-1.0,0.0,0.0));
#4352=DIRECTION('',(0.0,0.0,-1.0));
#4353=DIRECTION('',(1.0,-1.78837471750186E-16,-1.22950761828253E-16));
#4354=DIRECTION('',(0.0,0.0,-1.0));
#4355=DIRECTION('',(0.0,0.0,-1.0));
#4356=DIRECTION('',(1.0,0.0,1.2159276700772E-16));
#4357=DIRECTION('',(0.0,0.0,-1.0));
#4358=DIRECTION('',(1.0,0.0,0.0));
#4359=DIRECTION('',(0.0,0.0,-1.0));
#4360=DIRECTION('',(0.0,-1.0,0.0));
#4361=DIRECTION('',(0.0,0.0,-1.0));
#4362=DIRECTION('',(0.0,-1.0,0.0));
#4363=DIRECTION('',(-4.81867632215779E-16,1.0,-5.8591618732575E-32));
#4364=DIRECTION('',(-4.81867632215779E-16,1.0,0.0));
#4365=DIRECTION('',(0.0,0.0,-1.0));
#4366=DIRECTION('',(-1.0,0.0,-1.2159276700772E-16));
#4367=DIRECTION('',(-1.0,0.0,0.0));
#4368=DIRECTION('',(1.7701259958947E-15,0.0,-1.0));
#4369=DIRECTION('',(1.0,0.0,0.0));
#4370=DIRECTION('',(0.0,0.0,1.0));
#4371=DIRECTION('',(0.0,-3.75629099128812E-15,-1.0));
#4372=DIRECTION('',(0.0,0.0,1.0));
#4373=DIRECTION('',(-1.0,0.0,-1.89242561015652E-15));
#4374=DIRECTION('',(0.0,0.0,1.0));
#4375=DIRECTION('',(-4.42531498973675E-16,0.0,1.0));
#4376=DIRECTION('',(-1.0,0.0,-1.89242561015652E-15));
#4377=DIRECTION('',(0.0,0.0,1.0));
#4378=DIRECTION('',(-1.0,0.0,0.0));
#4379=DIRECTION('',(0.0,-3.75629099128812E-15,-1.0));
#4380=DIRECTION('',(0.0,0.0,1.0));
#4381=DIRECTION('',(0.0,-1.0,0.0));
#4382=DIRECTION('',(0.0,-1.0,0.0));
#4383=DIRECTION('',(0.0,1.0,0.0));
#4384=DIRECTION('',(1.0,0.0,0.0));
#4385=DIRECTION('',(0.0,-1.0,0.0));
#4386=DIRECTION('',(0.0,1.0,0.0));
#4387=DIRECTION('',(2.62836890299516E-16,1.0,0.0));
#4388=DIRECTION('',(-1.0,0.0,-2.43640937637192E-16));
#4389=DIRECTION('',(0.0,1.0,0.0));
#4390=DIRECTION('',(0.0,0.0,1.0));
#4391=DIRECTION('',(0.0,-1.0,0.0));
#4392=DIRECTION('',(0.447213595499957,-0.894427190999916,0.0));
#4393=DIRECTION('',(-1.0,0.0,0.0));
#4394=DIRECTION('',(0.447213595499958,0.894427190999916,0.0));
#4395=DIRECTION('',(-2.62836890299516E-16,-1.0,0.0));
#4396=DIRECTION('',(-1.0,-3.9878700597168E-16,-5.9818050895752E-16));
#4397=DIRECTION('',(2.62836890299516E-16,1.0,0.0));
#4398=DIRECTION('',(0.0,1.0,0.0));
#4399=DIRECTION('',(0.0,1.0,0.0));
#4400=DIRECTION('',(1.27553196763001E-15,0.0,-1.0));
#4401=DIRECTION('',(1.0,3.9878700597168E-16,1.2159276700772E-16));
#4402=DIRECTION('',(0.0,0.0,1.0));
#4403=DIRECTION('',(0.0,1.0,0.0));
#4404=DIRECTION('',(0.0,1.0,0.0));
#4405=DIRECTION('',(0.0,0.0,-1.0));
#4406=DIRECTION('',(0.0,0.0,-1.0));
#4407=DIRECTION('',(0.0,0.0,-1.0));
#4408=DIRECTION('',(0.0,-1.0,0.0));
#4409=DIRECTION('',(0.0,1.0,0.0));
#4410=DIRECTION('',(0.0,0.0,-1.0));
#4411=DIRECTION('',(0.0,-1.0,0.0));
#4412=DIRECTION('',(0.0,0.0,-1.0));
#4413=DIRECTION('',(0.0,0.0,-1.0));
#4414=DIRECTION('',(0.0,1.0,0.0));
#4415=DIRECTION('',(0.0,0.0,-1.0));
#4416=DIRECTION('',(1.0,0.0,3.1673321892835E-15));
#4417=DIRECTION('',(0.0,1.0,0.0));
#4418=DIRECTION('',(1.0,0.0,2.43640937637192E-16));
#4419=DIRECTION('',(2.55106393526001E-15,0.0,1.0));
#4420=DIRECTION('',(0.0,-1.0,0.0));
#4421=DIRECTION('',(0.0,0.0,-1.0));
#4422=DIRECTION('',(1.0,0.0,0.0));
#4423=DIRECTION('',(-1.0,0.0,0.0));
#4424=DIRECTION('',(0.0,-1.0,0.0));
#4425=DIRECTION('',(1.0,0.0,0.0));
#4426=DIRECTION('',(0.0,1.0,0.0));
#4427=DIRECTION('',(0.0,0.0,-1.0));
#4428=DIRECTION('',(-2.4093381610789E-16,-1.0,0.0));
#4429=DIRECTION('',(2.71050543121376E-16,1.0,0.0));
#4430=DIRECTION('',(1.0,0.0,9.34657045246125E-17));
#4431=DIRECTION('',(-2.4093381610789E-16,-1.0,0.0));
#4432=DIRECTION('',(2.4093381610789E-16,1.0,0.0));
#4433=DIRECTION('',(1.0,0.0,9.34657045246125E-17));
#4434=DIRECTION('',(-1.20466908053945E-16,-1.0,0.0));
#4435=DIRECTION('',(2.4093381610789E-16,1.0,0.0));
#4436=DIRECTION('',(1.0,0.0,9.34657045246123E-17));
#4437=DIRECTION('',(0.0,0.0,-1.0));
#4438=DIRECTION('',(-2.4093381610789E-16,-1.0,0.0));
#4439=DIRECTION('',(0.0,0.0,-1.0));
#4440=DIRECTION('',(2.71050543121376E-16,1.0,0.0));
#4441=DIRECTION('',(0.0,-1.0,-1.93607530800983E-16));
#4442=DIRECTION('',(0.0,0.0,-1.0));
#4443=DIRECTION('',(0.0,1.0,-1.75437244738755E-17));
#4444=DIRECTION('',(0.0,-1.0,-1.93607530800983E-16));
#4445=DIRECTION('',(0.0,1.0,-1.75437244738755E-17));
#4446=DIRECTION('',(0.0,0.0,-1.0));
#4447=DIRECTION('',(-1.0,0.0,0.0));
#4448=DIRECTION('',(-1.0,0.0,0.0));
#4449=DIRECTION('',(-1.0,0.0,0.0));
#4450=CARTESIAN_POINT('',(-0.15,8.16,0.409999999999959));
#4451=DIRECTION('',(-1.0,0.0,0.0));
#4452=DIRECTION('',(0.0,0.0,-1.0));
#4453=CARTESIAN_POINT('',(0.15,8.16,0.409999999999959));
#4454=DIRECTION('',(-1.0,0.0,0.0));
#4455=DIRECTION('',(0.0,0.0,-1.0));
#4456=DIRECTION('',(-1.0,0.0,0.0));
#4457=DIRECTION('',(0.0,0.0,-1.0));
#4458=DIRECTION('',(0.0,1.0,0.0));
#4459=DIRECTION('',(0.0,0.707106781186549,0.707106781186546));
#4460=DIRECTION('',(0.0,0.0,1.0));
#4461=DIRECTION('',(0.0,-1.0,0.0));
#4462=DIRECTION('',(0.0,0.0,-1.0));
#4463=DIRECTION('',(0.0,-1.0,0.0));
#4464=DIRECTION('',(0.0,0.0,1.0));
#4465=DIRECTION('',(0.0,0.707106781186549,0.707106781186546));
#4466=DIRECTION('',(0.0,1.0,0.0));
#4467=DIRECTION('',(-1.0,0.0,0.0));
#4468=DIRECTION('',(-1.0,0.0,0.0));
#4469=DIRECTION('',(-1.0,0.0,0.0));
#4470=DIRECTION('',(-1.0,0.0,0.0));
#4471=DIRECTION('',(0.0,0.0,-1.0));
#4472=DIRECTION('',(-1.20466908053945E-16,-1.0,0.0));
#4473=DIRECTION('',(0.0,0.0,-1.0));
#4474=DIRECTION('',(2.4093381610789E-16,1.0,0.0));
#4475=DIRECTION('',(0.0,-1.0,-1.93607530800983E-16));
#4476=DIRECTION('',(0.0,0.0,-1.0));
#4477=DIRECTION('',(0.0,1.0,-1.75437244738755E-17));
#4478=DIRECTION('',(0.0,-1.0,-1.93607530800983E-16));
#4479=DIRECTION('',(0.0,1.0,-1.75437244738755E-17));
#4480=DIRECTION('',(0.0,0.0,-1.0));
#4481=DIRECTION('',(-1.0,0.0,0.0));
#4482=DIRECTION('',(-1.0,0.0,0.0));
#4483=DIRECTION('',(-1.0,0.0,0.0));
#4484=CARTESIAN_POINT('',(-1.65,8.16,0.409999999999959));
#4485=DIRECTION('',(-1.0,0.0,0.0));
#4486=DIRECTION('',(0.0,0.0,-1.0));
#4487=CARTESIAN_POINT('',(-1.35,8.16,0.409999999999959));
#4488=DIRECTION('',(-1.0,0.0,0.0));
#4489=DIRECTION('',(0.0,0.0,-1.0));
#4490=DIRECTION('',(-1.0,0.0,0.0));
#4491=DIRECTION('',(0.0,0.0,-1.0));
#4492=DIRECTION('',(0.0,1.0,0.0));
#4493=DIRECTION('',(0.0,0.707106781186549,0.707106781186546));
#4494=DIRECTION('',(0.0,0.0,1.0));
#4495=DIRECTION('',(0.0,-1.0,0.0));
#4496=DIRECTION('',(0.0,0.0,-1.0));
#4497=DIRECTION('',(0.0,-1.0,0.0));
#4498=DIRECTION('',(0.0,0.0,1.0));
#4499=DIRECTION('',(0.0,0.707106781186549,0.707106781186546));
#4500=DIRECTION('',(0.0,1.0,0.0));
#4501=DIRECTION('',(-1.0,0.0,0.0));
#4502=DIRECTION('',(-1.0,0.0,0.0));
#4503=DIRECTION('',(-1.0,0.0,0.0));
#4504=DIRECTION('',(-1.0,0.0,0.0));
#4505=DIRECTION('',(0.0,0.0,-1.0));
#4506=DIRECTION('',(-2.4093381610789E-16,-1.0,0.0));
#4507=DIRECTION('',(0.0,0.0,-1.0));
#4508=DIRECTION('',(2.4093381610789E-16,1.0,0.0));
#4509=DIRECTION('',(0.0,-1.0,-1.93607530800983E-16));
#4510=DIRECTION('',(0.0,0.0,-1.0));
#4511=DIRECTION('',(0.0,1.0,-1.75437244738755E-17));
#4512=DIRECTION('',(0.0,-1.0,-1.93607530800983E-16));
#4513=DIRECTION('',(0.0,1.0,-1.75437244738755E-17));
#4514=DIRECTION('',(0.0,0.0,-1.0));
#4515=DIRECTION('',(-1.0,0.0,0.0));
#4516=DIRECTION('',(-1.0,0.0,0.0));
#4517=DIRECTION('',(-1.0,0.0,0.0));
#4518=CARTESIAN_POINT('',(-3.15,8.16,0.409999999999959));
#4519=DIRECTION('',(-1.0,0.0,0.0));
#4520=DIRECTION('',(0.0,0.0,-1.0));
#4521=CARTESIAN_POINT('',(-2.85,8.16,0.409999999999959));
#4522=DIRECTION('',(-1.0,0.0,0.0));
#4523=DIRECTION('',(0.0,0.0,-1.0));
#4524=DIRECTION('',(-1.0,0.0,0.0));
#4525=DIRECTION('',(0.0,0.0,-1.0));
#4526=DIRECTION('',(0.0,1.0,0.0));
#4527=DIRECTION('',(0.0,0.707106781186549,0.707106781186546));
#4528=DIRECTION('',(0.0,0.0,1.0));
#4529=DIRECTION('',(0.0,-1.0,0.0));
#4530=DIRECTION('',(0.0,0.0,-1.0));
#4531=DIRECTION('',(0.0,-1.0,0.0));
#4532=DIRECTION('',(0.0,0.0,1.0));
#4533=DIRECTION('',(0.0,0.707106781186549,0.707106781186546));
#4534=DIRECTION('',(0.0,1.0,0.0));
#4535=DIRECTION('',(-1.0,0.0,0.0));
#4536=DIRECTION('',(-1.0,0.0,0.0));
#4537=DIRECTION('',(-1.0,0.0,0.0));
#4538=DIRECTION('',(-1.0,0.0,0.0));
#4539=DIRECTION('',(-1.0,0.0,0.0));
#4540=DIRECTION('',(0.0,1.0,0.0));
#4541=DIRECTION('',(1.0,0.0,3.96508223080414E-16));
#4542=DIRECTION('',(0.0,1.0,0.0));
#4543=DIRECTION('',(-2.89120579329468E-15,-1.3141844514976E-15,-1.0));
#4544=DIRECTION('',(0.0,1.0,0.0));
#4545=DIRECTION('',(2.89120579329468E-15,0.0,1.0));
#4546=DIRECTION('',(-1.0,-5.08872013342989E-31,-3.87215061601966E-16));
#4547=DIRECTION('',(0.0,1.0,0.0));
#4548=DIRECTION('',(-1.0,0.0,-3.87215061601966E-16));
#4549=CARTESIAN_POINT('',(2.325,2.2,0.249999999999999));
#4550=DIRECTION('',(0.0,-1.0,0.0));
#4551=DIRECTION('',(1.0,0.0,0.0));
#4552=CARTESIAN_POINT('',(2.325,2.2,0.249999999999999));
#4553=DIRECTION('',(0.0,1.0,0.0));
#4554=DIRECTION('',(0.0,0.0,-1.0));
#4555=CARTESIAN_POINT('',(2.325,3.7,0.249999999999999));
#4556=DIRECTION('',(0.0,1.0,0.0));
#4557=DIRECTION('',(0.0,0.0,-1.0));
#4558=CARTESIAN_POINT('',(2.325,3.7,0.249999999999999));
#4559=DIRECTION('',(0.0,-1.0,1.73472347597681E-15));
#4560=DIRECTION('',(0.0,-1.73472347597681E-15,-1.0));
#4561=DIRECTION('',(-4.62118958764313E-15,0.0,1.0));
#4562=CARTESIAN_POINT('',(2.025,2.2,1.47));
#4563=DIRECTION('',(0.0,-1.0,0.0));
#4564=DIRECTION('',(0.0,0.0,-1.0));
#4565=DIRECTION('',(-1.0,0.0,-5.42101086242752E-16));
#4566=DIRECTION('',(-1.44560289664734E-15,0.0,-1.0));
#4567=DIRECTION('',(1.0,0.0,5.42101086242752E-16));
#4568=CARTESIAN_POINT('',(2.025,2.2,1.47));
#4569=DIRECTION('',(-0.0,1.0,0.0));
#4570=DIRECTION('',(1.0,0.0,0.0));
#4571=DIRECTION('',(4.62118958764313E-15,0.0,-1.0));
#4572=DIRECTION('',(0.0,1.0,0.0));
#4573=CARTESIAN_POINT('',(2.075,4.75,1.47));
#4574=DIRECTION('',(1.0,0.0,-0.0));
#4575=DIRECTION('',(0.0,0.0,1.0));
#4576=DIRECTION('',(0.0,1.0,-4.33680868994197E-15));
#4577=CARTESIAN_POINT('',(2.075,4.8,1.52));
#4578=DIRECTION('',(1.0,0.0,-0.0));
#4579=DIRECTION('',(0.0,0.0,1.0));
#4580=DIRECTION('',(0.0,-3.77113799125386E-15,1.0));
#4581=DIRECTION('',(0.0,-3.77113799125386E-15,1.0));
#4582=CARTESIAN_POINT('',(2.225,4.8,1.52));
#4583=DIRECTION('',(1.0,0.0,0.0));
#4584=DIRECTION('',(0.0,1.0,0.0));
#4585=DIRECTION('',(0.0,1.0,-4.33680868994197E-15));
#4586=CARTESIAN_POINT('',(2.225,4.75,1.47));
#4587=DIRECTION('',(1.0,0.0,0.0));
#4588=DIRECTION('',(0.0,1.0,0.0));
#4589=DIRECTION('',(0.0,1.0,0.0));
#4590=DIRECTION('',(-1.0,0.0,-5.42101086242752E-16));
#4591=CARTESIAN_POINT('',(2.025,4.7,1.47));
#4592=DIRECTION('',(0.0,-1.0,0.0));
#4593=DIRECTION('',(0.0,0.0,-1.0));
#4594=DIRECTION('',(1.0,0.0,0.0));
#4595=CARTESIAN_POINT('',(2.025,4.7,1.47));
#4596=DIRECTION('',(-0.0,1.0,0.0));
#4597=DIRECTION('',(1.0,0.0,0.0));
#4598=DIRECTION('',(1.0,0.0,5.42101086242752E-16));
#4599=DIRECTION('',(-1.44560289664734E-15,0.0,-1.0));
#4600=DIRECTION('',(0.0,1.0,0.0));
#4601=DIRECTION('',(0.0,1.0,0.0));
#4602=DIRECTION('',(0.0,1.0,0.0));
#4603=DIRECTION('',(0.0,1.0,0.0));
#4604=DIRECTION('',(-1.0,0.0,0.0));
#4605=DIRECTION('',(-1.0,0.0,0.0));
#4606=DIRECTION('',(-1.0,0.0,0.0));
#4607=DIRECTION('',(0.0,1.0,0.0));
#4608=DIRECTION('',(1.0,-5.08872013342989E-31,-3.87215061601966E-16));
#4609=DIRECTION('',(0.0,1.0,0.0));
#4610=DIRECTION('',(1.0,0.0,-3.87215061601966E-16));
#4611=DIRECTION('',(5.78241158658936E-15,-1.3141844514976E-15,-1.0));
#4612=DIRECTION('',(0.0,1.0,0.0));
#4613=DIRECTION('',(-5.78241158658936E-15,0.0,1.0));
#4614=DIRECTION('',(1.0,0.0,0.0));
#4615=DIRECTION('',(0.0,1.0,0.0));
#4616=DIRECTION('',(-1.0,0.0,3.96508223080414E-16));
#4617=CARTESIAN_POINT('',(-5.325,2.2,0.249999999999999));
#4618=DIRECTION('',(0.0,1.0,0.0));
#4619=DIRECTION('',(-1.0,0.0,-2.16840434497101E-16));
#4620=CARTESIAN_POINT('',(-5.325,2.2,0.249999999999999));
#4621=DIRECTION('',(0.0,-1.0,0.0));
#4622=DIRECTION('',(0.0,0.0,-1.0));
#4623=CARTESIAN_POINT('',(-5.325,3.7,0.249999999999999));
#4624=DIRECTION('',(0.0,-1.0,0.0));
#4625=DIRECTION('',(0.0,0.0,1.0));
#4626=CARTESIAN_POINT('',(-5.325,3.7,0.249999999999999));
#4627=DIRECTION('',(0.0,1.0,-1.73472347597681E-15));
#4628=DIRECTION('',(0.0,1.73472347597681E-15,1.0));
#4629=DIRECTION('',(4.26571346551674E-15,0.0,1.0));
#4630=DIRECTION('',(-4.26571346551674E-15,0.0,-1.0));
#4631=CARTESIAN_POINT('',(-5.025,2.2,1.47));
#4632=DIRECTION('',(0.0,-1.0,0.0));
#4633=DIRECTION('',(-1.0,0.0,0.0));
#4634=DIRECTION('',(-1.0,0.0,5.42101086242752E-16));
#4635=DIRECTION('',(0.0,0.0,-1.0));
#4636=DIRECTION('',(1.0,0.0,-5.42101086242752E-16));
#4637=CARTESIAN_POINT('',(-5.025,2.2,1.47));
#4638=DIRECTION('',(0.0,1.0,0.0));
#4639=DIRECTION('',(0.0,0.0,-1.0));
#4640=DIRECTION('',(0.0,1.0,0.0));
#4641=CARTESIAN_POINT('',(-5.225,4.75,1.47));
#4642=DIRECTION('',(1.0,0.0,0.0));
#4643=DIRECTION('',(0.0,1.0,0.0));
#4644=DIRECTION('',(0.0,1.0,-4.33680868994197E-15));
#4645=CARTESIAN_POINT('',(-5.22500000000001,4.8,1.52));
#4646=DIRECTION('',(1.0,0.0,0.0));
#4647=DIRECTION('',(0.0,1.0,0.0));
#4648=DIRECTION('',(0.0,-3.77113799125386E-15,1.0));
#4649=DIRECTION('',(0.0,-3.77113799125386E-15,1.0));
#4650=CARTESIAN_POINT('',(-5.075,4.8,1.52));
#4651=DIRECTION('',(1.0,0.0,-0.0));
#4652=DIRECTION('',(0.0,0.0,1.0));
#4653=DIRECTION('',(0.0,1.0,-4.33680868994197E-15));
#4654=CARTESIAN_POINT('',(-5.075,4.75,1.47));
#4655=DIRECTION('',(1.0,0.0,-0.0));
#4656=DIRECTION('',(0.0,0.0,1.0));
#4657=DIRECTION('',(0.0,1.0,0.0));
#4658=CARTESIAN_POINT('',(-5.025,4.7,1.47));
#4659=DIRECTION('',(0.0,-1.0,0.0));
#4660=DIRECTION('',(-1.0,0.0,0.0));
#4661=DIRECTION('',(-1.0,0.0,0.0));
#4662=CARTESIAN_POINT('',(-5.025,4.7,1.47));
#4663=DIRECTION('',(0.0,1.0,0.0));
#4664=DIRECTION('',(0.0,0.0,-1.0));
#4665=DIRECTION('',(1.0,0.0,-5.42101086242752E-16));
#4666=DIRECTION('',(0.0,0.0,-1.0));
#4667=DIRECTION('',(-1.0,0.0,5.42101086242752E-16));
#4668=DIRECTION('',(0.0,1.0,0.0));
#4669=DIRECTION('',(0.0,1.0,0.0));
#4670=DIRECTION('',(0.0,1.0,0.0));
#4671=DIRECTION('',(0.0,1.0,0.0));
#4672=DIRECTION('',(1.0,0.0,0.0));
#4673=DIRECTION('',(1.0,0.0,0.0));
#4674=DIRECTION('',(1.0,0.0,0.0));
#4675=DIRECTION('',(0.0,0.0,-1.0));
#4676=DIRECTION('',(-0.447213595499957,0.894427190999916,0.0));
#4677=DIRECTION('',(0.0,0.0,-1.0));
#4678=DIRECTION('',(0.0,0.0,-1.0));
#4679=DIRECTION('',(-0.447213595499958,-0.894427190999916,0.0));
#4680=DIRECTION('',(1.0,0.0,0.0));
#4681=PRESENTATION_LAYER_ASSIGNMENT('1','Layer 1',(#25));
ENDSEC;
END-ISO-10303-21;
